[
{
    "model": "auth.permission",
    "fields": {
        "name": "Can add log entry",
        "content_type": [
            "admin",
            "logentry"
        ],
        "codename": "add_logentry"
    }
},
{
    "model": "auth.permission",
    "fields": {
        "name": "Can change log entry",
        "content_type": [
            "admin",
            "logentry"
        ],
        "codename": "change_logentry"
    }
},
{
    "model": "auth.permission",
    "fields": {
        "name": "Can delete log entry",
        "content_type": [
            "admin",
            "logentry"
        ],
        "codename": "delete_logentry"
    }
},
{
    "model": "auth.permission",
    "fields": {
        "name": "Can view log entry",
        "content_type": [
            "admin",
            "logentry"
        ],
        "codename": "view_logentry"
    }
},
{
    "model": "auth.permission",
    "fields": {
        "name": "Can add permission",
        "content_type": [
            "auth",
            "permission"
        ],
        "codename": "add_permission"
    }
},
{
    "model": "auth.permission",
    "fields": {
        "name": "Can change permission",
        "content_type": [
            "auth",
            "permission"
        ],
        "codename": "change_permission"
    }
},
{
    "model": "auth.permission",
    "fields": {
        "name": "Can delete permission",
        "content_type": [
            "auth",
            "permission"
        ],
        "codename": "delete_permission"
    }
},
{
    "model": "auth.permission",
    "fields": {
        "name": "Can view permission",
        "content_type": [
            "auth",
            "permission"
        ],
        "codename": "view_permission"
    }
},
{
    "model": "auth.permission",
    "fields": {
        "name": "Can add group",
        "content_type": [
            "auth",
            "group"
        ],
        "codename": "add_group"
    }
},
{
    "model": "auth.permission",
    "fields": {
        "name": "Can change group",
        "content_type": [
            "auth",
            "group"
        ],
        "codename": "change_group"
    }
},
{
    "model": "auth.permission",
    "fields": {
        "name": "Can delete group",
        "content_type": [
            "auth",
            "group"
        ],
        "codename": "delete_group"
    }
},
{
    "model": "auth.permission",
    "fields": {
        "name": "Can view group",
        "content_type": [
            "auth",
            "group"
        ],
        "codename": "view_group"
    }
},
{
    "model": "auth.permission",
    "fields": {
        "name": "Can add content type",
        "content_type": [
            "contenttypes",
            "contenttype"
        ],
        "codename": "add_contenttype"
    }
},
{
    "model": "auth.permission",
    "fields": {
        "name": "Can change content type",
        "content_type": [
            "contenttypes",
            "contenttype"
        ],
        "codename": "change_contenttype"
    }
},
{
    "model": "auth.permission",
    "fields": {
        "name": "Can delete content type",
        "content_type": [
            "contenttypes",
            "contenttype"
        ],
        "codename": "delete_contenttype"
    }
},
{
    "model": "auth.permission",
    "fields": {
        "name": "Can view content type",
        "content_type": [
            "contenttypes",
            "contenttype"
        ],
        "codename": "view_contenttype"
    }
},
{
    "model": "auth.permission",
    "fields": {
        "name": "Can add session",
        "content_type": [
            "sessions",
            "session"
        ],
        "codename": "add_session"
    }
},
{
    "model": "auth.permission",
    "fields": {
        "name": "Can change session",
        "content_type": [
            "sessions",
            "session"
        ],
        "codename": "change_session"
    }
},
{
    "model": "auth.permission",
    "fields": {
        "name": "Can delete session",
        "content_type": [
            "sessions",
            "session"
        ],
        "codename": "delete_session"
    }
},
{
    "model": "auth.permission",
    "fields": {
        "name": "Can view session",
        "content_type": [
            "sessions",
            "session"
        ],
        "codename": "view_session"
    }
},
{
    "model": "auth.permission",
    "fields": {
        "name": "Can add user",
        "content_type": [
            "accounts",
            "cartdropuser"
        ],
        "codename": "add_cartdropuser"
    }
},
{
    "model": "auth.permission",
    "fields": {
        "name": "Can change user",
        "content_type": [
            "accounts",
            "cartdropuser"
        ],
        "codename": "change_cartdropuser"
    }
},
{
    "model": "auth.permission",
    "fields": {
        "name": "Can delete user",
        "content_type": [
            "accounts",
            "cartdropuser"
        ],
        "codename": "delete_cartdropuser"
    }
},
{
    "model": "auth.permission",
    "fields": {
        "name": "Can view user",
        "content_type": [
            "accounts",
            "cartdropuser"
        ],
        "codename": "view_cartdropuser"
    }
},
{
    "model": "auth.permission",
    "fields": {
        "name": "Can add seller user",
        "content_type": [
            "accounts",
            "selleruser"
        ],
        "codename": "add_selleruser"
    }
},
{
    "model": "auth.permission",
    "fields": {
        "name": "Can change seller user",
        "content_type": [
            "accounts",
            "selleruser"
        ],
        "codename": "change_selleruser"
    }
},
{
    "model": "auth.permission",
    "fields": {
        "name": "Can delete seller user",
        "content_type": [
            "accounts",
            "selleruser"
        ],
        "codename": "delete_selleruser"
    }
},
{
    "model": "auth.permission",
    "fields": {
        "name": "Can view seller user",
        "content_type": [
            "accounts",
            "selleruser"
        ],
        "codename": "view_selleruser"
    }
},
{
    "model": "auth.permission",
    "fields": {
        "name": "Can add user address",
        "content_type": [
            "accounts",
            "useraddress"
        ],
        "codename": "add_useraddress"
    }
},
{
    "model": "auth.permission",
    "fields": {
        "name": "Can change user address",
        "content_type": [
            "accounts",
            "useraddress"
        ],
        "codename": "change_useraddress"
    }
},
{
    "model": "auth.permission",
    "fields": {
        "name": "Can delete user address",
        "content_type": [
            "accounts",
            "useraddress"
        ],
        "codename": "delete_useraddress"
    }
},
{
    "model": "auth.permission",
    "fields": {
        "name": "Can view user address",
        "content_type": [
            "accounts",
            "useraddress"
        ],
        "codename": "view_useraddress"
    }
},
{
    "model": "auth.permission",
    "fields": {
        "name": "Can add brand",
        "content_type": [
            "core",
            "brand"
        ],
        "codename": "add_brand"
    }
},
{
    "model": "auth.permission",
    "fields": {
        "name": "Can change brand",
        "content_type": [
            "core",
            "brand"
        ],
        "codename": "change_brand"
    }
},
{
    "model": "auth.permission",
    "fields": {
        "name": "Can delete brand",
        "content_type": [
            "core",
            "brand"
        ],
        "codename": "delete_brand"
    }
},
{
    "model": "auth.permission",
    "fields": {
        "name": "Can view brand",
        "content_type": [
            "core",
            "brand"
        ],
        "codename": "view_brand"
    }
},
{
    "model": "auth.permission",
    "fields": {
        "name": "Can add product category",
        "content_type": [
            "core",
            "productcategory"
        ],
        "codename": "add_productcategory"
    }
},
{
    "model": "auth.permission",
    "fields": {
        "name": "Can change product category",
        "content_type": [
            "core",
            "productcategory"
        ],
        "codename": "change_productcategory"
    }
},
{
    "model": "auth.permission",
    "fields": {
        "name": "Can delete product category",
        "content_type": [
            "core",
            "productcategory"
        ],
        "codename": "delete_productcategory"
    }
},
{
    "model": "auth.permission",
    "fields": {
        "name": "Can view product category",
        "content_type": [
            "core",
            "productcategory"
        ],
        "codename": "view_productcategory"
    }
},
{
    "model": "auth.permission",
    "fields": {
        "name": "Can add product review",
        "content_type": [
            "core",
            "productreview"
        ],
        "codename": "add_productreview"
    }
},
{
    "model": "auth.permission",
    "fields": {
        "name": "Can change product review",
        "content_type": [
            "core",
            "productreview"
        ],
        "codename": "change_productreview"
    }
},
{
    "model": "auth.permission",
    "fields": {
        "name": "Can delete product review",
        "content_type": [
            "core",
            "productreview"
        ],
        "codename": "delete_productreview"
    }
},
{
    "model": "auth.permission",
    "fields": {
        "name": "Can view product review",
        "content_type": [
            "core",
            "productreview"
        ],
        "codename": "view_productreview"
    }
},
{
    "model": "auth.permission",
    "fields": {
        "name": "Can add review images",
        "content_type": [
            "core",
            "reviewimages"
        ],
        "codename": "add_reviewimages"
    }
},
{
    "model": "auth.permission",
    "fields": {
        "name": "Can change review images",
        "content_type": [
            "core",
            "reviewimages"
        ],
        "codename": "change_reviewimages"
    }
},
{
    "model": "auth.permission",
    "fields": {
        "name": "Can delete review images",
        "content_type": [
            "core",
            "reviewimages"
        ],
        "codename": "delete_reviewimages"
    }
},
{
    "model": "auth.permission",
    "fields": {
        "name": "Can view review images",
        "content_type": [
            "core",
            "reviewimages"
        ],
        "codename": "view_reviewimages"
    }
},
{
    "model": "auth.permission",
    "fields": {
        "name": "Can add product subcategory",
        "content_type": [
            "core",
            "productsubcategory"
        ],
        "codename": "add_productsubcategory"
    }
},
{
    "model": "auth.permission",
    "fields": {
        "name": "Can change product subcategory",
        "content_type": [
            "core",
            "productsubcategory"
        ],
        "codename": "change_productsubcategory"
    }
},
{
    "model": "auth.permission",
    "fields": {
        "name": "Can delete product subcategory",
        "content_type": [
            "core",
            "productsubcategory"
        ],
        "codename": "delete_productsubcategory"
    }
},
{
    "model": "auth.permission",
    "fields": {
        "name": "Can view product subcategory",
        "content_type": [
            "core",
            "productsubcategory"
        ],
        "codename": "view_productsubcategory"
    }
},
{
    "model": "auth.permission",
    "fields": {
        "name": "Can add category image",
        "content_type": [
            "core",
            "categoryimage"
        ],
        "codename": "add_categoryimage"
    }
},
{
    "model": "auth.permission",
    "fields": {
        "name": "Can change category image",
        "content_type": [
            "core",
            "categoryimage"
        ],
        "codename": "change_categoryimage"
    }
},
{
    "model": "auth.permission",
    "fields": {
        "name": "Can delete category image",
        "content_type": [
            "core",
            "categoryimage"
        ],
        "codename": "delete_categoryimage"
    }
},
{
    "model": "auth.permission",
    "fields": {
        "name": "Can view category image",
        "content_type": [
            "core",
            "categoryimage"
        ],
        "codename": "view_categoryimage"
    }
},
{
    "model": "auth.permission",
    "fields": {
        "name": "Can add subcategory image",
        "content_type": [
            "core",
            "subcategoryimage"
        ],
        "codename": "add_subcategoryimage"
    }
},
{
    "model": "auth.permission",
    "fields": {
        "name": "Can change subcategory image",
        "content_type": [
            "core",
            "subcategoryimage"
        ],
        "codename": "change_subcategoryimage"
    }
},
{
    "model": "auth.permission",
    "fields": {
        "name": "Can delete subcategory image",
        "content_type": [
            "core",
            "subcategoryimage"
        ],
        "codename": "delete_subcategoryimage"
    }
},
{
    "model": "auth.permission",
    "fields": {
        "name": "Can view subcategory image",
        "content_type": [
            "core",
            "subcategoryimage"
        ],
        "codename": "view_subcategoryimage"
    }
},
{
    "model": "auth.permission",
    "fields": {
        "name": "Can add coupon code",
        "content_type": [
            "core",
            "couponcode"
        ],
        "codename": "add_couponcode"
    }
},
{
    "model": "auth.permission",
    "fields": {
        "name": "Can change coupon code",
        "content_type": [
            "core",
            "couponcode"
        ],
        "codename": "change_couponcode"
    }
},
{
    "model": "auth.permission",
    "fields": {
        "name": "Can delete coupon code",
        "content_type": [
            "core",
            "couponcode"
        ],
        "codename": "delete_couponcode"
    }
},
{
    "model": "auth.permission",
    "fields": {
        "name": "Can view coupon code",
        "content_type": [
            "core",
            "couponcode"
        ],
        "codename": "view_couponcode"
    }
},
{
    "model": "auth.permission",
    "fields": {
        "name": "Can add product",
        "content_type": [
            "products",
            "product"
        ],
        "codename": "add_product"
    }
},
{
    "model": "auth.permission",
    "fields": {
        "name": "Can change product",
        "content_type": [
            "products",
            "product"
        ],
        "codename": "change_product"
    }
},
{
    "model": "auth.permission",
    "fields": {
        "name": "Can delete product",
        "content_type": [
            "products",
            "product"
        ],
        "codename": "delete_product"
    }
},
{
    "model": "auth.permission",
    "fields": {
        "name": "Can view product",
        "content_type": [
            "products",
            "product"
        ],
        "codename": "view_product"
    }
},
{
    "model": "auth.permission",
    "fields": {
        "name": "Can add display type",
        "content_type": [
            "products",
            "displaytype"
        ],
        "codename": "add_displaytype"
    }
},
{
    "model": "auth.permission",
    "fields": {
        "name": "Can change display type",
        "content_type": [
            "products",
            "displaytype"
        ],
        "codename": "change_displaytype"
    }
},
{
    "model": "auth.permission",
    "fields": {
        "name": "Can delete display type",
        "content_type": [
            "products",
            "displaytype"
        ],
        "codename": "delete_displaytype"
    }
},
{
    "model": "auth.permission",
    "fields": {
        "name": "Can view display type",
        "content_type": [
            "products",
            "displaytype"
        ],
        "codename": "view_displaytype"
    }
},
{
    "model": "auth.permission",
    "fields": {
        "name": "Can add product color",
        "content_type": [
            "products",
            "productcolor"
        ],
        "codename": "add_productcolor"
    }
},
{
    "model": "auth.permission",
    "fields": {
        "name": "Can change product color",
        "content_type": [
            "products",
            "productcolor"
        ],
        "codename": "change_productcolor"
    }
},
{
    "model": "auth.permission",
    "fields": {
        "name": "Can delete product color",
        "content_type": [
            "products",
            "productcolor"
        ],
        "codename": "delete_productcolor"
    }
},
{
    "model": "auth.permission",
    "fields": {
        "name": "Can view product color",
        "content_type": [
            "products",
            "productcolor"
        ],
        "codename": "view_productcolor"
    }
},
{
    "model": "auth.permission",
    "fields": {
        "name": "Can add product mobile features",
        "content_type": [
            "products",
            "productmobilefeatures"
        ],
        "codename": "add_productmobilefeatures"
    }
},
{
    "model": "auth.permission",
    "fields": {
        "name": "Can change product mobile features",
        "content_type": [
            "products",
            "productmobilefeatures"
        ],
        "codename": "change_productmobilefeatures"
    }
},
{
    "model": "auth.permission",
    "fields": {
        "name": "Can delete product mobile features",
        "content_type": [
            "products",
            "productmobilefeatures"
        ],
        "codename": "delete_productmobilefeatures"
    }
},
{
    "model": "auth.permission",
    "fields": {
        "name": "Can view product mobile features",
        "content_type": [
            "products",
            "productmobilefeatures"
        ],
        "codename": "view_productmobilefeatures"
    }
},
{
    "model": "auth.permission",
    "fields": {
        "name": "Can add product specification",
        "content_type": [
            "products",
            "productspecification"
        ],
        "codename": "add_productspecification"
    }
},
{
    "model": "auth.permission",
    "fields": {
        "name": "Can change product specification",
        "content_type": [
            "products",
            "productspecification"
        ],
        "codename": "change_productspecification"
    }
},
{
    "model": "auth.permission",
    "fields": {
        "name": "Can delete product specification",
        "content_type": [
            "products",
            "productspecification"
        ],
        "codename": "delete_productspecification"
    }
},
{
    "model": "auth.permission",
    "fields": {
        "name": "Can view product specification",
        "content_type": [
            "products",
            "productspecification"
        ],
        "codename": "view_productspecification"
    }
},
{
    "model": "auth.permission",
    "fields": {
        "name": "Can add product highlight",
        "content_type": [
            "products",
            "producthighlight"
        ],
        "codename": "add_producthighlight"
    }
},
{
    "model": "auth.permission",
    "fields": {
        "name": "Can change product highlight",
        "content_type": [
            "products",
            "producthighlight"
        ],
        "codename": "change_producthighlight"
    }
},
{
    "model": "auth.permission",
    "fields": {
        "name": "Can delete product highlight",
        "content_type": [
            "products",
            "producthighlight"
        ],
        "codename": "delete_producthighlight"
    }
},
{
    "model": "auth.permission",
    "fields": {
        "name": "Can view product highlight",
        "content_type": [
            "products",
            "producthighlight"
        ],
        "codename": "view_producthighlight"
    }
},
{
    "model": "auth.permission",
    "fields": {
        "name": "Can add operating system",
        "content_type": [
            "products",
            "operatingsystem"
        ],
        "codename": "add_operatingsystem"
    }
},
{
    "model": "auth.permission",
    "fields": {
        "name": "Can change operating system",
        "content_type": [
            "products",
            "operatingsystem"
        ],
        "codename": "change_operatingsystem"
    }
},
{
    "model": "auth.permission",
    "fields": {
        "name": "Can delete operating system",
        "content_type": [
            "products",
            "operatingsystem"
        ],
        "codename": "delete_operatingsystem"
    }
},
{
    "model": "auth.permission",
    "fields": {
        "name": "Can view operating system",
        "content_type": [
            "products",
            "operatingsystem"
        ],
        "codename": "view_operatingsystem"
    }
},
{
    "model": "auth.permission",
    "fields": {
        "name": "Can add screen type",
        "content_type": [
            "products",
            "screentype"
        ],
        "codename": "add_screentype"
    }
},
{
    "model": "auth.permission",
    "fields": {
        "name": "Can change screen type",
        "content_type": [
            "products",
            "screentype"
        ],
        "codename": "change_screentype"
    }
},
{
    "model": "auth.permission",
    "fields": {
        "name": "Can delete screen type",
        "content_type": [
            "products",
            "screentype"
        ],
        "codename": "delete_screentype"
    }
},
{
    "model": "auth.permission",
    "fields": {
        "name": "Can view screen type",
        "content_type": [
            "products",
            "screentype"
        ],
        "codename": "view_screentype"
    }
},
{
    "model": "auth.permission",
    "fields": {
        "name": "Can add product telivision features",
        "content_type": [
            "products",
            "producttelivisionfeatures"
        ],
        "codename": "add_producttelivisionfeatures"
    }
},
{
    "model": "auth.permission",
    "fields": {
        "name": "Can change product telivision features",
        "content_type": [
            "products",
            "producttelivisionfeatures"
        ],
        "codename": "change_producttelivisionfeatures"
    }
},
{
    "model": "auth.permission",
    "fields": {
        "name": "Can delete product telivision features",
        "content_type": [
            "products",
            "producttelivisionfeatures"
        ],
        "codename": "delete_producttelivisionfeatures"
    }
},
{
    "model": "auth.permission",
    "fields": {
        "name": "Can view product telivision features",
        "content_type": [
            "products",
            "producttelivisionfeatures"
        ],
        "codename": "view_producttelivisionfeatures"
    }
},
{
    "model": "auth.permission",
    "fields": {
        "name": "Can add product laptop features",
        "content_type": [
            "products",
            "productlaptopfeatures"
        ],
        "codename": "add_productlaptopfeatures"
    }
},
{
    "model": "auth.permission",
    "fields": {
        "name": "Can change product laptop features",
        "content_type": [
            "products",
            "productlaptopfeatures"
        ],
        "codename": "change_productlaptopfeatures"
    }
},
{
    "model": "auth.permission",
    "fields": {
        "name": "Can delete product laptop features",
        "content_type": [
            "products",
            "productlaptopfeatures"
        ],
        "codename": "delete_productlaptopfeatures"
    }
},
{
    "model": "auth.permission",
    "fields": {
        "name": "Can view product laptop features",
        "content_type": [
            "products",
            "productlaptopfeatures"
        ],
        "codename": "view_productlaptopfeatures"
    }
},
{
    "model": "auth.permission",
    "fields": {
        "name": "Can add ac type",
        "content_type": [
            "products",
            "actype"
        ],
        "codename": "add_actype"
    }
},
{
    "model": "auth.permission",
    "fields": {
        "name": "Can change ac type",
        "content_type": [
            "products",
            "actype"
        ],
        "codename": "change_actype"
    }
},
{
    "model": "auth.permission",
    "fields": {
        "name": "Can delete ac type",
        "content_type": [
            "products",
            "actype"
        ],
        "codename": "delete_actype"
    }
},
{
    "model": "auth.permission",
    "fields": {
        "name": "Can view ac type",
        "content_type": [
            "products",
            "actype"
        ],
        "codename": "view_actype"
    }
},
{
    "model": "auth.permission",
    "fields": {
        "name": "Can add product series",
        "content_type": [
            "products",
            "productseries"
        ],
        "codename": "add_productseries"
    }
},
{
    "model": "auth.permission",
    "fields": {
        "name": "Can change product series",
        "content_type": [
            "products",
            "productseries"
        ],
        "codename": "change_productseries"
    }
},
{
    "model": "auth.permission",
    "fields": {
        "name": "Can delete product series",
        "content_type": [
            "products",
            "productseries"
        ],
        "codename": "delete_productseries"
    }
},
{
    "model": "auth.permission",
    "fields": {
        "name": "Can view product series",
        "content_type": [
            "products",
            "productseries"
        ],
        "codename": "view_productseries"
    }
},
{
    "model": "auth.permission",
    "fields": {
        "name": "Can add product washing machine features",
        "content_type": [
            "products",
            "productwashingmachinefeatures"
        ],
        "codename": "add_productwashingmachinefeatures"
    }
},
{
    "model": "auth.permission",
    "fields": {
        "name": "Can change product washing machine features",
        "content_type": [
            "products",
            "productwashingmachinefeatures"
        ],
        "codename": "change_productwashingmachinefeatures"
    }
},
{
    "model": "auth.permission",
    "fields": {
        "name": "Can delete product washing machine features",
        "content_type": [
            "products",
            "productwashingmachinefeatures"
        ],
        "codename": "delete_productwashingmachinefeatures"
    }
},
{
    "model": "auth.permission",
    "fields": {
        "name": "Can view product washing machine features",
        "content_type": [
            "products",
            "productwashingmachinefeatures"
        ],
        "codename": "view_productwashingmachinefeatures"
    }
},
{
    "model": "auth.permission",
    "fields": {
        "name": "Can add product air conditioner feature",
        "content_type": [
            "products",
            "productairconditionerfeature"
        ],
        "codename": "add_productairconditionerfeature"
    }
},
{
    "model": "auth.permission",
    "fields": {
        "name": "Can change product air conditioner feature",
        "content_type": [
            "products",
            "productairconditionerfeature"
        ],
        "codename": "change_productairconditionerfeature"
    }
},
{
    "model": "auth.permission",
    "fields": {
        "name": "Can delete product air conditioner feature",
        "content_type": [
            "products",
            "productairconditionerfeature"
        ],
        "codename": "delete_productairconditionerfeature"
    }
},
{
    "model": "auth.permission",
    "fields": {
        "name": "Can view product air conditioner feature",
        "content_type": [
            "products",
            "productairconditionerfeature"
        ],
        "codename": "view_productairconditionerfeature"
    }
},
{
    "model": "auth.permission",
    "fields": {
        "name": "Can add product warranty",
        "content_type": [
            "products",
            "productwarranty"
        ],
        "codename": "add_productwarranty"
    }
},
{
    "model": "auth.permission",
    "fields": {
        "name": "Can change product warranty",
        "content_type": [
            "products",
            "productwarranty"
        ],
        "codename": "change_productwarranty"
    }
},
{
    "model": "auth.permission",
    "fields": {
        "name": "Can delete product warranty",
        "content_type": [
            "products",
            "productwarranty"
        ],
        "codename": "delete_productwarranty"
    }
},
{
    "model": "auth.permission",
    "fields": {
        "name": "Can view product warranty",
        "content_type": [
            "products",
            "productwarranty"
        ],
        "codename": "view_productwarranty"
    }
},
{
    "model": "auth.permission",
    "fields": {
        "name": "Can add refrigerator type",
        "content_type": [
            "products",
            "refrigeratortype"
        ],
        "codename": "add_refrigeratortype"
    }
},
{
    "model": "auth.permission",
    "fields": {
        "name": "Can change refrigerator type",
        "content_type": [
            "products",
            "refrigeratortype"
        ],
        "codename": "change_refrigeratortype"
    }
},
{
    "model": "auth.permission",
    "fields": {
        "name": "Can delete refrigerator type",
        "content_type": [
            "products",
            "refrigeratortype"
        ],
        "codename": "delete_refrigeratortype"
    }
},
{
    "model": "auth.permission",
    "fields": {
        "name": "Can view refrigerator type",
        "content_type": [
            "products",
            "refrigeratortype"
        ],
        "codename": "view_refrigeratortype"
    }
},
{
    "model": "auth.permission",
    "fields": {
        "name": "Can add speaker type",
        "content_type": [
            "products",
            "speakertype"
        ],
        "codename": "add_speakertype"
    }
},
{
    "model": "auth.permission",
    "fields": {
        "name": "Can change speaker type",
        "content_type": [
            "products",
            "speakertype"
        ],
        "codename": "change_speakertype"
    }
},
{
    "model": "auth.permission",
    "fields": {
        "name": "Can delete speaker type",
        "content_type": [
            "products",
            "speakertype"
        ],
        "codename": "delete_speakertype"
    }
},
{
    "model": "auth.permission",
    "fields": {
        "name": "Can view speaker type",
        "content_type": [
            "products",
            "speakertype"
        ],
        "codename": "view_speakertype"
    }
},
{
    "model": "auth.permission",
    "fields": {
        "name": "Can add product speakers features",
        "content_type": [
            "products",
            "productspeakersfeatures"
        ],
        "codename": "add_productspeakersfeatures"
    }
},
{
    "model": "auth.permission",
    "fields": {
        "name": "Can change product speakers features",
        "content_type": [
            "products",
            "productspeakersfeatures"
        ],
        "codename": "change_productspeakersfeatures"
    }
},
{
    "model": "auth.permission",
    "fields": {
        "name": "Can delete product speakers features",
        "content_type": [
            "products",
            "productspeakersfeatures"
        ],
        "codename": "delete_productspeakersfeatures"
    }
},
{
    "model": "auth.permission",
    "fields": {
        "name": "Can view product speakers features",
        "content_type": [
            "products",
            "productspeakersfeatures"
        ],
        "codename": "view_productspeakersfeatures"
    }
},
{
    "model": "auth.permission",
    "fields": {
        "name": "Can add product refrigerator feature",
        "content_type": [
            "products",
            "productrefrigeratorfeature"
        ],
        "codename": "add_productrefrigeratorfeature"
    }
},
{
    "model": "auth.permission",
    "fields": {
        "name": "Can change product refrigerator feature",
        "content_type": [
            "products",
            "productrefrigeratorfeature"
        ],
        "codename": "change_productrefrigeratorfeature"
    }
},
{
    "model": "auth.permission",
    "fields": {
        "name": "Can delete product refrigerator feature",
        "content_type": [
            "products",
            "productrefrigeratorfeature"
        ],
        "codename": "delete_productrefrigeratorfeature"
    }
},
{
    "model": "auth.permission",
    "fields": {
        "name": "Can view product refrigerator feature",
        "content_type": [
            "products",
            "productrefrigeratorfeature"
        ],
        "codename": "view_productrefrigeratorfeature"
    }
},
{
    "model": "auth.permission",
    "fields": {
        "name": "Can add mobile variant",
        "content_type": [
            "products",
            "mobilevariant"
        ],
        "codename": "add_mobilevariant"
    }
},
{
    "model": "auth.permission",
    "fields": {
        "name": "Can change mobile variant",
        "content_type": [
            "products",
            "mobilevariant"
        ],
        "codename": "change_mobilevariant"
    }
},
{
    "model": "auth.permission",
    "fields": {
        "name": "Can delete mobile variant",
        "content_type": [
            "products",
            "mobilevariant"
        ],
        "codename": "delete_mobilevariant"
    }
},
{
    "model": "auth.permission",
    "fields": {
        "name": "Can view mobile variant",
        "content_type": [
            "products",
            "mobilevariant"
        ],
        "codename": "view_mobilevariant"
    }
},
{
    "model": "auth.permission",
    "fields": {
        "name": "Can add washing method",
        "content_type": [
            "products",
            "washingmethod"
        ],
        "codename": "add_washingmethod"
    }
},
{
    "model": "auth.permission",
    "fields": {
        "name": "Can change washing method",
        "content_type": [
            "products",
            "washingmethod"
        ],
        "codename": "change_washingmethod"
    }
},
{
    "model": "auth.permission",
    "fields": {
        "name": "Can delete washing method",
        "content_type": [
            "products",
            "washingmethod"
        ],
        "codename": "delete_washingmethod"
    }
},
{
    "model": "auth.permission",
    "fields": {
        "name": "Can view washing method",
        "content_type": [
            "products",
            "washingmethod"
        ],
        "codename": "view_washingmethod"
    }
},
{
    "model": "auth.permission",
    "fields": {
        "name": "Can add product variation",
        "content_type": [
            "products",
            "productvariation"
        ],
        "codename": "add_productvariation"
    }
},
{
    "model": "auth.permission",
    "fields": {
        "name": "Can change product variation",
        "content_type": [
            "products",
            "productvariation"
        ],
        "codename": "change_productvariation"
    }
},
{
    "model": "auth.permission",
    "fields": {
        "name": "Can delete product variation",
        "content_type": [
            "products",
            "productvariation"
        ],
        "codename": "delete_productvariation"
    }
},
{
    "model": "auth.permission",
    "fields": {
        "name": "Can view product variation",
        "content_type": [
            "products",
            "productvariation"
        ],
        "codename": "view_productvariation"
    }
},
{
    "model": "auth.permission",
    "fields": {
        "name": "Can add fashion size",
        "content_type": [
            "products",
            "fashionsize"
        ],
        "codename": "add_fashionsize"
    }
},
{
    "model": "auth.permission",
    "fields": {
        "name": "Can change fashion size",
        "content_type": [
            "products",
            "fashionsize"
        ],
        "codename": "change_fashionsize"
    }
},
{
    "model": "auth.permission",
    "fields": {
        "name": "Can delete fashion size",
        "content_type": [
            "products",
            "fashionsize"
        ],
        "codename": "delete_fashionsize"
    }
},
{
    "model": "auth.permission",
    "fields": {
        "name": "Can view fashion size",
        "content_type": [
            "products",
            "fashionsize"
        ],
        "codename": "view_fashionsize"
    }
},
{
    "model": "auth.permission",
    "fields": {
        "name": "Can add sim type",
        "content_type": [
            "products",
            "simtype"
        ],
        "codename": "add_simtype"
    }
},
{
    "model": "auth.permission",
    "fields": {
        "name": "Can change sim type",
        "content_type": [
            "products",
            "simtype"
        ],
        "codename": "change_simtype"
    }
},
{
    "model": "auth.permission",
    "fields": {
        "name": "Can delete sim type",
        "content_type": [
            "products",
            "simtype"
        ],
        "codename": "delete_simtype"
    }
},
{
    "model": "auth.permission",
    "fields": {
        "name": "Can view sim type",
        "content_type": [
            "products",
            "simtype"
        ],
        "codename": "view_simtype"
    }
},
{
    "model": "auth.permission",
    "fields": {
        "name": "Can add product images",
        "content_type": [
            "products",
            "productimages"
        ],
        "codename": "add_productimages"
    }
},
{
    "model": "auth.permission",
    "fields": {
        "name": "Can change product images",
        "content_type": [
            "products",
            "productimages"
        ],
        "codename": "change_productimages"
    }
},
{
    "model": "auth.permission",
    "fields": {
        "name": "Can delete product images",
        "content_type": [
            "products",
            "productimages"
        ],
        "codename": "delete_productimages"
    }
},
{
    "model": "auth.permission",
    "fields": {
        "name": "Can view product images",
        "content_type": [
            "products",
            "productimages"
        ],
        "codename": "view_productimages"
    }
},
{
    "model": "auth.permission",
    "fields": {
        "name": "Can add laptop variant",
        "content_type": [
            "products",
            "laptopvariant"
        ],
        "codename": "add_laptopvariant"
    }
},
{
    "model": "auth.permission",
    "fields": {
        "name": "Can change laptop variant",
        "content_type": [
            "products",
            "laptopvariant"
        ],
        "codename": "change_laptopvariant"
    }
},
{
    "model": "auth.permission",
    "fields": {
        "name": "Can delete laptop variant",
        "content_type": [
            "products",
            "laptopvariant"
        ],
        "codename": "delete_laptopvariant"
    }
},
{
    "model": "auth.permission",
    "fields": {
        "name": "Can view laptop variant",
        "content_type": [
            "products",
            "laptopvariant"
        ],
        "codename": "view_laptopvariant"
    }
},
{
    "model": "auth.permission",
    "fields": {
        "name": "Can add tv variant",
        "content_type": [
            "products",
            "tvvariant"
        ],
        "codename": "add_tvvariant"
    }
},
{
    "model": "auth.permission",
    "fields": {
        "name": "Can change tv variant",
        "content_type": [
            "products",
            "tvvariant"
        ],
        "codename": "change_tvvariant"
    }
},
{
    "model": "auth.permission",
    "fields": {
        "name": "Can delete tv variant",
        "content_type": [
            "products",
            "tvvariant"
        ],
        "codename": "delete_tvvariant"
    }
},
{
    "model": "auth.permission",
    "fields": {
        "name": "Can view tv variant",
        "content_type": [
            "products",
            "tvvariant"
        ],
        "codename": "view_tvvariant"
    }
},
{
    "model": "auth.permission",
    "fields": {
        "name": "Can add ac capacity variant",
        "content_type": [
            "products",
            "accapacityvariant"
        ],
        "codename": "add_accapacityvariant"
    }
},
{
    "model": "auth.permission",
    "fields": {
        "name": "Can change ac capacity variant",
        "content_type": [
            "products",
            "accapacityvariant"
        ],
        "codename": "change_accapacityvariant"
    }
},
{
    "model": "auth.permission",
    "fields": {
        "name": "Can delete ac capacity variant",
        "content_type": [
            "products",
            "accapacityvariant"
        ],
        "codename": "delete_accapacityvariant"
    }
},
{
    "model": "auth.permission",
    "fields": {
        "name": "Can view ac capacity variant",
        "content_type": [
            "products",
            "accapacityvariant"
        ],
        "codename": "view_accapacityvariant"
    }
},
{
    "model": "auth.permission",
    "fields": {
        "name": "Can add ac star rating variant",
        "content_type": [
            "products",
            "acstarratingvariant"
        ],
        "codename": "add_acstarratingvariant"
    }
},
{
    "model": "auth.permission",
    "fields": {
        "name": "Can change ac star rating variant",
        "content_type": [
            "products",
            "acstarratingvariant"
        ],
        "codename": "change_acstarratingvariant"
    }
},
{
    "model": "auth.permission",
    "fields": {
        "name": "Can delete ac star rating variant",
        "content_type": [
            "products",
            "acstarratingvariant"
        ],
        "codename": "delete_acstarratingvariant"
    }
},
{
    "model": "auth.permission",
    "fields": {
        "name": "Can view ac star rating variant",
        "content_type": [
            "products",
            "acstarratingvariant"
        ],
        "codename": "view_acstarratingvariant"
    }
},
{
    "model": "auth.permission",
    "fields": {
        "name": "Can add book variant",
        "content_type": [
            "products",
            "bookvariant"
        ],
        "codename": "add_bookvariant"
    }
},
{
    "model": "auth.permission",
    "fields": {
        "name": "Can change book variant",
        "content_type": [
            "products",
            "bookvariant"
        ],
        "codename": "change_bookvariant"
    }
},
{
    "model": "auth.permission",
    "fields": {
        "name": "Can delete book variant",
        "content_type": [
            "products",
            "bookvariant"
        ],
        "codename": "delete_bookvariant"
    }
},
{
    "model": "auth.permission",
    "fields": {
        "name": "Can view book variant",
        "content_type": [
            "products",
            "bookvariant"
        ],
        "codename": "view_bookvariant"
    }
},
{
    "model": "sessions.session",
    "pk": "6lkhmsoes1fqsvfd657v8h2a1lcjn2cn",
    "fields": {
        "session_data": ".eJxVjEEOwiAQRe_C2hAYIIJL956BDMwgVQNJaVeNd9cmXej2v_f-JiKuS43r4DlOJC5Ci9PvljA_ue2AHtjuXebelnlKclfkQYe8deLX9XD_DiqO-q2LAm0LBI0MOqEDh-C8P1NR3pDFYigEYwCcVqzAZl3IMqnAVkFxWbw_ynk3WA:1mz0QB:PDzQzV9T0L6uqaovTTmhS74zB0qYVsAzPdllDw5lUwk",
        "expire_date": "2022-01-02T17:56:31.731Z"
    }
},
{
    "model": "accounts.cartdropuser",
    "fields": {
        "password": "pbkdf2_sha256$320000$VA1py3GVV8R1lg7PJqdcAx$6MUGYtLhpSGs66OsBAvL7SLUvUGH1ZkIt3Z4PyNLyfU=",
        "last_login": "2021-12-19T17:56:31.711Z",
        "is_superuser": true,
        "number": "7894561235",
        "email": "admin@admin.com",
        "username": "admin",
        "type": "CUSTOMER",
        "first_name": "",
        "last_name": "",
        "date_joined": "2021-12-11T10:41:13.227Z",
        "photo": "default_profilepic.png",
        "is_staff": true,
        "is_active": true,
        "is_email_verified": true,
        "is_number_verified": true,
        "is_disabled": false,
        "groups": [],
        "user_permissions": []
    }
},
{
    "model": "core.productcategory",
    "pk": 2,
    "fields": {
        "created": "2021-08-07T14:49:13.580Z",
        "updated": "2021-08-07T14:49:13.580Z",
        "slug": "mobiles",
        "uuid": "309cb533-5052-4153-8e0a-e98fecff7ea4",
        "name": "Mobiles"
    }
},
{
    "model": "core.productcategory",
    "pk": 3,
    "fields": {
        "created": "2021-08-07T14:53:17.854Z",
        "updated": "2021-08-07T14:53:17.854Z",
        "slug": "electronics",
        "uuid": "5ca7c042-d999-456f-9db9-2f5cddb6b23f",
        "name": "Electronics"
    }
},
{
    "model": "core.productcategory",
    "pk": 4,
    "fields": {
        "created": "2021-08-07T14:54:52.367Z",
        "updated": "2021-08-07T14:54:52.367Z",
        "slug": "accessories",
        "uuid": "1a456117-bcab-45c0-bd5d-6c79e2d2fb8e",
        "name": "Accessories"
    }
},
{
    "model": "core.productcategory",
    "pk": 5,
    "fields": {
        "created": "2021-08-07T14:55:07.173Z",
        "updated": "2021-08-07T14:55:07.173Z",
        "slug": "fashion",
        "uuid": "de7c101c-dea9-4ef2-ac0c-9b81820754ed",
        "name": "Fashion"
    }
},
{
    "model": "core.productcategory",
    "pk": 6,
    "fields": {
        "created": "2021-08-07T14:55:19.761Z",
        "updated": "2021-08-07T14:55:19.761Z",
        "slug": "appliances",
        "uuid": "742f31e7-a929-4988-912f-2772b950ca12",
        "name": "Appliances"
    }
},
{
    "model": "core.productcategory",
    "pk": 7,
    "fields": {
        "created": "2021-08-07T14:55:47.292Z",
        "updated": "2021-08-07T14:55:47.292Z",
        "slug": "groceries",
        "uuid": "c2c8a48c-207a-4f25-834e-c13ed83cdb23",
        "name": "Groceries"
    }
},
{
    "model": "core.productcategory",
    "pk": 8,
    "fields": {
        "created": "2021-08-07T14:55:57.429Z",
        "updated": "2021-08-07T14:55:57.429Z",
        "slug": "books",
        "uuid": "96e93704-8482-4d51-96d5-2a0ca884fe29",
        "name": "Books"
    }
},
{
    "model": "core.categoryimage",
    "pk": 3,
    "fields": {
        "category": 2,
        "image": "Category_Media/mobiles/mobile_2-nobg.png",
        "placeholder": "default_placeholder.jpg"
    }
},
{
    "model": "core.categoryimage",
    "pk": 4,
    "fields": {
        "category": 2,
        "image": "Category_Media/mobiles/mobile_1-bg_removed.png",
        "placeholder": "default_placeholder.jpg"
    }
},
{
    "model": "core.categoryimage",
    "pk": 5,
    "fields": {
        "category": 2,
        "image": "Category_Media/mobiles/mobile_4-nobg.png",
        "placeholder": "default_placeholder.jpg"
    }
},
{
    "model": "core.categoryimage",
    "pk": 6,
    "fields": {
        "category": 3,
        "image": "Category_Media/electronics/laptop_1_nobg.png",
        "placeholder": "default_placeholder.jpg"
    }
},
{
    "model": "core.categoryimage",
    "pk": 7,
    "fields": {
        "category": 3,
        "image": "Category_Media/electronics/laptop_3-nobg.png",
        "placeholder": "default_placeholder.jpg"
    }
},
{
    "model": "core.categoryimage",
    "pk": 8,
    "fields": {
        "category": 4,
        "image": "Category_Media/accessories/accessories_1-nobg.png",
        "placeholder": "default_placeholder.jpg"
    }
},
{
    "model": "core.categoryimage",
    "pk": 9,
    "fields": {
        "category": 5,
        "image": "Category_Media/fashion/fashion_nobg.png.png",
        "placeholder": "default_placeholder.jpg"
    }
},
{
    "model": "core.categoryimage",
    "pk": 10,
    "fields": {
        "category": 6,
        "image": "Category_Media/appliances/appliances_nobg.png",
        "placeholder": "default_placeholder.jpg"
    }
},
{
    "model": "core.categoryimage",
    "pk": 11,
    "fields": {
        "category": 7,
        "image": "Category_Media/groceries/groceries_nogb.png",
        "placeholder": "default_placeholder.jpg"
    }
},
{
    "model": "core.categoryimage",
    "pk": 12,
    "fields": {
        "category": 8,
        "image": "Category_Media/books/books_2-nobg.png",
        "placeholder": "default_placeholder.jpg"
    }
},
{
    "model": "core.categoryimage",
    "pk": 13,
    "fields": {
        "category": 2,
        "image": "Category_Media/mobiles/mobile_3-nobg_adj.png",
        "placeholder": "default_placeholder.jpg"
    }
},
{
    "model": "core.productsubcategory",
    "pk": 1,
    "fields": {
        "created": "2021-08-14T20:11:49.650Z",
        "updated": "2021-08-14T20:11:49.650Z",
        "slug": "mobiles",
        "uuid": "79181781-1498-4a5a-b3a4-5f0fb0cf0e33",
        "category": 2,
        "name": "Mobiles"
    }
},
{
    "model": "core.productsubcategory",
    "pk": 2,
    "fields": {
        "created": "2021-08-14T20:12:07.428Z",
        "updated": "2021-08-14T20:12:07.428Z",
        "slug": "mobile-accessories",
        "uuid": "508e6fef-fd2b-45c2-824d-26ba8ec8c79a",
        "category": 2,
        "name": "Mobile Accessories"
    }
},
{
    "model": "core.productsubcategory",
    "pk": 3,
    "fields": {
        "created": "2021-08-14T20:12:18.888Z",
        "updated": "2021-08-14T20:13:19.545Z",
        "slug": "laptop",
        "uuid": "6523d858-3105-4fe0-8a61-fa53e72d3114",
        "category": 3,
        "name": "Laptops"
    }
},
{
    "model": "core.productsubcategory",
    "pk": 4,
    "fields": {
        "created": "2021-08-14T20:12:40.859Z",
        "updated": "2021-08-14T20:12:40.859Z",
        "slug": "laptop-accessories",
        "uuid": "62692fc9-6e6f-4742-b0a5-44c87646fa35",
        "category": 3,
        "name": "Laptop Accessories"
    }
},
{
    "model": "core.productsubcategory",
    "pk": 5,
    "fields": {
        "created": "2021-08-14T20:13:11.544Z",
        "updated": "2021-08-14T20:13:25.780Z",
        "slug": "television",
        "uuid": "79db8a81-94b7-4854-8316-5fed88028e68",
        "category": 3,
        "name": "Televisions"
    }
},
{
    "model": "core.productsubcategory",
    "pk": 6,
    "fields": {
        "created": "2021-08-14T20:14:16.656Z",
        "updated": "2021-08-14T20:14:16.656Z",
        "slug": "paints",
        "uuid": "b5bb3242-b33e-4019-b47c-0da64190412b",
        "category": 4,
        "name": "Paints"
    }
},
{
    "model": "core.productsubcategory",
    "pk": 7,
    "fields": {
        "created": "2021-08-14T20:14:26.522Z",
        "updated": "2021-08-14T20:14:26.522Z",
        "slug": "accessories",
        "uuid": "349ecf6d-ec91-4527-ac60-12ed8f5a4c2a",
        "category": 4,
        "name": "Accessories"
    }
},
{
    "model": "core.productsubcategory",
    "pk": 9,
    "fields": {
        "created": "2021-08-14T20:16:32.371Z",
        "updated": "2021-08-14T20:16:49.394Z",
        "slug": "backpack",
        "uuid": "b97bf0f9-adec-46df-8906-cce8afa00f79",
        "category": 5,
        "name": "Backpacks"
    }
},
{
    "model": "core.productsubcategory",
    "pk": 10,
    "fields": {
        "created": "2021-08-14T20:16:43.789Z",
        "updated": "2021-08-14T20:16:43.789Z",
        "slug": "hand-bags",
        "uuid": "a3b609de-ad62-46f3-aa37-72085f9a2d37",
        "category": 5,
        "name": "Hand Bags"
    }
},
{
    "model": "core.productsubcategory",
    "pk": 11,
    "fields": {
        "created": "2021-08-14T20:16:59.586Z",
        "updated": "2021-08-14T20:16:59.586Z",
        "slug": "shoes",
        "uuid": "64039683-0ba2-431b-be7b-f87a5704be0b",
        "category": 5,
        "name": "Shoes"
    }
},
{
    "model": "core.productsubcategory",
    "pk": 12,
    "fields": {
        "created": "2021-08-14T20:17:21.451Z",
        "updated": "2021-08-14T20:17:54.232Z",
        "slug": "air-conditioner",
        "uuid": "bff344eb-c245-4c02-8dbc-310b16df7396",
        "category": 6,
        "name": "Air Conditioners"
    }
},
{
    "model": "core.productsubcategory",
    "pk": 13,
    "fields": {
        "created": "2021-08-14T20:17:49.605Z",
        "updated": "2021-08-14T20:17:49.605Z",
        "slug": "refrigerators",
        "uuid": "ae65e46c-34f2-471d-8e71-da54e7debc75",
        "category": 6,
        "name": "Refrigerators"
    }
},
{
    "model": "core.productsubcategory",
    "pk": 14,
    "fields": {
        "created": "2021-08-14T20:18:09.858Z",
        "updated": "2021-08-14T20:18:09.858Z",
        "slug": "washing-machines",
        "uuid": "be588d19-e9db-4777-bde8-7785229e4370",
        "category": 6,
        "name": "Washing Machines"
    }
},
{
    "model": "core.productsubcategory",
    "pk": 15,
    "fields": {
        "created": "2021-08-14T20:18:32.386Z",
        "updated": "2021-08-14T20:18:32.386Z",
        "slug": "speakers",
        "uuid": "c1028f9f-3200-47eb-a3d0-74400db1b0b7",
        "category": 3,
        "name": "Speakers"
    }
},
{
    "model": "core.productsubcategory",
    "pk": 16,
    "fields": {
        "created": "2021-08-14T20:18:54.736Z",
        "updated": "2021-08-14T20:18:54.736Z",
        "slug": "programming",
        "uuid": "ae58b283-2e01-49f5-8c38-46004745585f",
        "category": 8,
        "name": "Programming"
    }
},
{
    "model": "core.productsubcategory",
    "pk": 17,
    "fields": {
        "created": "2021-08-14T20:20:12.777Z",
        "updated": "2021-08-14T20:20:12.777Z",
        "slug": "juices",
        "uuid": "f1a7630d-e39e-4d5d-9a27-58971f2de985",
        "category": 7,
        "name": "Juices"
    }
},
{
    "model": "core.productsubcategory",
    "pk": 18,
    "fields": {
        "created": "2021-08-14T20:20:24.602Z",
        "updated": "2021-08-14T20:20:24.602Z",
        "slug": "chocolates",
        "uuid": "9380521f-9af2-4245-988c-82f122c6a8b4",
        "category": 7,
        "name": "Chocolates"
    }
},
{
    "model": "core.productsubcategory",
    "pk": 20,
    "fields": {
        "created": "2021-08-15T19:05:16.613Z",
        "updated": "2021-08-15T19:05:21.782Z",
        "slug": "mens-t-shirts",
        "uuid": "1db57d86-7656-482b-82f2-aaac495c42d4",
        "category": 5,
        "name": "Men's T-Shirts"
    }
},
{
    "model": "core.productsubcategory",
    "pk": 21,
    "fields": {
        "created": "2021-08-15T19:05:36.907Z",
        "updated": "2021-08-15T19:05:36.907Z",
        "slug": "womens-t-shirts",
        "uuid": "032feb59-0c55-44f7-9a4a-fd0d77889e53",
        "category": 5,
        "name": "Women's T-Shirts"
    }
},
{
    "model": "core.subcategoryimage",
    "pk": 1,
    "fields": {
        "subcategory": 1,
        "image": "Subcategory_Media/mobiles/mobiles/mobile_4-nobg.png",
        "placeholder": "default_placeholder.jpg"
    }
},
{
    "model": "core.subcategoryimage",
    "pk": 2,
    "fields": {
        "subcategory": 1,
        "image": "Subcategory_Media/mobiles/mobiles/mobile_3-nobg_adj.png",
        "placeholder": "default_placeholder.jpg"
    }
},
{
    "model": "core.subcategoryimage",
    "pk": 3,
    "fields": {
        "subcategory": 1,
        "image": "Subcategory_Media/mobiles/mobiles/mobile_2-nobg.png",
        "placeholder": "default_placeholder.jpg"
    }
},
{
    "model": "core.subcategoryimage",
    "pk": 4,
    "fields": {
        "subcategory": 1,
        "image": "Subcategory_Media/mobiles/mobiles/mobile_1-bg_removed.png",
        "placeholder": "default_placeholder.jpg"
    }
},
{
    "model": "core.subcategoryimage",
    "pk": 5,
    "fields": {
        "subcategory": 3,
        "image": "Subcategory_Media/electronics/laptop/laptop_1_nobg.png",
        "placeholder": "default_placeholder.jpg"
    }
},
{
    "model": "core.subcategoryimage",
    "pk": 6,
    "fields": {
        "subcategory": 3,
        "image": "Subcategory_Media/electronics/laptop/laptop_3-nobg.png",
        "placeholder": "default_placeholder.jpg"
    }
},
{
    "model": "core.subcategoryimage",
    "pk": 7,
    "fields": {
        "subcategory": 3,
        "image": "Subcategory_Media/electronics/laptop/laptop_3_nobg.png",
        "placeholder": "default_placeholder.jpg"
    }
},
{
    "model": "core.subcategoryimage",
    "pk": 8,
    "fields": {
        "subcategory": 3,
        "image": "Subcategory_Media/electronics/laptop/laptop_4_nobg.png",
        "placeholder": "default_placeholder.jpg"
    }
},
{
    "model": "core.subcategoryimage",
    "pk": 9,
    "fields": {
        "subcategory": 14,
        "image": "Subcategory_Media/appliances/washing-machines/washing_machine1-nobg.png",
        "placeholder": "default_placeholder.jpg"
    }
},
{
    "model": "core.subcategoryimage",
    "pk": 10,
    "fields": {
        "subcategory": 5,
        "image": "Subcategory_Media/electronics/television/TV.jpg",
        "placeholder": "default_placeholder.jpg"
    }
},
{
    "model": "core.subcategoryimage",
    "pk": 11,
    "fields": {
        "subcategory": 13,
        "image": "Subcategory_Media/appliances/refrigerators/fridge.jpg",
        "placeholder": "default_placeholder.jpg"
    }
},
{
    "model": "core.subcategoryimage",
    "pk": 12,
    "fields": {
        "subcategory": 9,
        "image": "Subcategory_Media/fashion/backpack/bag_2-nobg.png",
        "placeholder": "default_placeholder.jpg"
    }
},
{
    "model": "core.subcategoryimage",
    "pk": 13,
    "fields": {
        "subcategory": 14,
        "image": "Subcategory_Media/appliances/washing-machines/main.jpeg",
        "placeholder": "default_placeholder.jpg"
    }
},
{
    "model": "core.subcategoryimage",
    "pk": 14,
    "fields": {
        "subcategory": 14,
        "image": "Subcategory_Media/appliances/washing-machines/main_WWZqz5L.jpeg",
        "placeholder": "default_placeholder.jpg"
    }
},
{
    "model": "core.subcategoryimage",
    "pk": 15,
    "fields": {
        "subcategory": 14,
        "image": "Subcategory_Media/appliances/washing-machines/main_1FUHozI.jpeg",
        "placeholder": "default_placeholder.jpg"
    }
},
{
    "model": "core.subcategoryimage",
    "pk": 16,
    "fields": {
        "subcategory": 5,
        "image": "Subcategory_Media/electronics/television/main.jpeg",
        "placeholder": "default_placeholder.jpg"
    }
},
{
    "model": "core.subcategoryimage",
    "pk": 17,
    "fields": {
        "subcategory": 5,
        "image": "Subcategory_Media/electronics/television/main_iCz69Wc.jpeg",
        "placeholder": "default_placeholder.jpg"
    }
},
{
    "model": "core.subcategoryimage",
    "pk": 18,
    "fields": {
        "subcategory": 5,
        "image": "Subcategory_Media/electronics/television/main_4uooLYP.jpeg",
        "placeholder": "default_placeholder.jpg"
    }
},
{
    "model": "core.subcategoryimage",
    "pk": 19,
    "fields": {
        "subcategory": 13,
        "image": "Subcategory_Media/appliances/refrigerators/main.jpeg",
        "placeholder": "default_placeholder.jpg"
    }
},
{
    "model": "core.subcategoryimage",
    "pk": 20,
    "fields": {
        "subcategory": 13,
        "image": "Subcategory_Media/appliances/refrigerators/main_w14dAOO.jpeg",
        "placeholder": "default_placeholder.jpg"
    }
},
{
    "model": "core.subcategoryimage",
    "pk": 21,
    "fields": {
        "subcategory": 13,
        "image": "Subcategory_Media/appliances/refrigerators/main_j66Tagk.jpeg",
        "placeholder": "default_placeholder.jpg"
    }
},
{
    "model": "core.subcategoryimage",
    "pk": 22,
    "fields": {
        "subcategory": 12,
        "image": "Subcategory_Media/appliances/air-conditioner/main_open.jpeg",
        "placeholder": "default_placeholder.jpg"
    }
},
{
    "model": "core.subcategoryimage",
    "pk": 23,
    "fields": {
        "subcategory": 12,
        "image": "Subcategory_Media/appliances/air-conditioner/main.jpeg",
        "placeholder": "default_placeholder.jpg"
    }
},
{
    "model": "core.subcategoryimage",
    "pk": 24,
    "fields": {
        "subcategory": 12,
        "image": "Subcategory_Media/appliances/air-conditioner/main_lTtkDhs.jpeg",
        "placeholder": "default_placeholder.jpg"
    }
},
{
    "model": "core.subcategoryimage",
    "pk": 25,
    "fields": {
        "subcategory": 12,
        "image": "Subcategory_Media/appliances/air-conditioner/main_MBxNc78.jpeg",
        "placeholder": "default_placeholder.jpg"
    }
},
{
    "model": "core.subcategoryimage",
    "pk": 26,
    "fields": {
        "subcategory": 16,
        "image": "Subcategory_Media/books/programming/main.jpg",
        "placeholder": "default_placeholder.jpg"
    }
},
{
    "model": "core.subcategoryimage",
    "pk": 27,
    "fields": {
        "subcategory": 16,
        "image": "Subcategory_Media/books/programming/main_9RvKIhM.jpg",
        "placeholder": "default_placeholder.jpg"
    }
},
{
    "model": "core.subcategoryimage",
    "pk": 28,
    "fields": {
        "subcategory": 16,
        "image": "Subcategory_Media/books/programming/main_97NMPnY.jpg",
        "placeholder": "default_placeholder.jpg"
    }
},
{
    "model": "core.subcategoryimage",
    "pk": 29,
    "fields": {
        "subcategory": 16,
        "image": "Subcategory_Media/books/programming/main_EMMbb5o.jpg",
        "placeholder": "default_placeholder.jpg"
    }
},
{
    "model": "core.subcategoryimage",
    "pk": 30,
    "fields": {
        "subcategory": 17,
        "image": "Subcategory_Media/groceries/juices/main.jpeg",
        "placeholder": "default_placeholder.jpg"
    }
},
{
    "model": "core.subcategoryimage",
    "pk": 31,
    "fields": {
        "subcategory": 17,
        "image": "Subcategory_Media/groceries/juices/main_x25stzF.jpeg",
        "placeholder": "default_placeholder.jpg"
    }
},
{
    "model": "core.subcategoryimage",
    "pk": 32,
    "fields": {
        "subcategory": 17,
        "image": "Subcategory_Media/groceries/juices/main_FyRdVtU.jpeg",
        "placeholder": "default_placeholder.jpg"
    }
},
{
    "model": "core.subcategoryimage",
    "pk": 33,
    "fields": {
        "subcategory": 17,
        "image": "Subcategory_Media/groceries/juices/main_lCOlTXd.jpeg",
        "placeholder": "default_placeholder.jpg"
    }
},
{
    "model": "core.subcategoryimage",
    "pk": 34,
    "fields": {
        "subcategory": 15,
        "image": "Subcategory_Media/electronics/speakers/main.jpeg",
        "placeholder": "default_placeholder.jpg"
    }
},
{
    "model": "core.subcategoryimage",
    "pk": 35,
    "fields": {
        "subcategory": 15,
        "image": "Subcategory_Media/electronics/speakers/main_PSgG25d.jpeg",
        "placeholder": "default_placeholder.jpg"
    }
},
{
    "model": "core.subcategoryimage",
    "pk": 36,
    "fields": {
        "subcategory": 15,
        "image": "Subcategory_Media/electronics/speakers/main_Bcg4qrl.jpeg",
        "placeholder": "default_placeholder.jpg"
    }
},
{
    "model": "core.subcategoryimage",
    "pk": 37,
    "fields": {
        "subcategory": 15,
        "image": "Subcategory_Media/electronics/speakers/main_Cfbjp4U.jpeg",
        "placeholder": "default_placeholder.jpg"
    }
},
{
    "model": "core.subcategoryimage",
    "pk": 38,
    "fields": {
        "subcategory": 6,
        "image": "Subcategory_Media/accessories/paints/main.jpeg",
        "placeholder": "default_placeholder.jpg"
    }
},
{
    "model": "core.subcategoryimage",
    "pk": 39,
    "fields": {
        "subcategory": 6,
        "image": "Subcategory_Media/accessories/paints/main_04BnJYi.jpeg",
        "placeholder": "default_placeholder.jpg"
    }
},
{
    "model": "core.subcategoryimage",
    "pk": 40,
    "fields": {
        "subcategory": 6,
        "image": "Subcategory_Media/accessories/paints/main_IOdkAIG.jpeg",
        "placeholder": "default_placeholder.jpg"
    }
},
{
    "model": "core.subcategoryimage",
    "pk": 41,
    "fields": {
        "subcategory": 6,
        "image": "Subcategory_Media/accessories/paints/main_S5OBGzJ.jpeg",
        "placeholder": "default_placeholder.jpg"
    }
},
{
    "model": "core.brand",
    "pk": 1,
    "fields": {
        "slug": "samsung",
        "uuid": "6a034235-14ed-4ebb-90b8-1abd85974371",
        "name": "Samsung",
        "photo": "Brand_images/samsung/samsung.png",
        "placeholder": "default_placeholder.jpg"
    }
},
{
    "model": "core.brand",
    "pk": 2,
    "fields": {
        "slug": "apple",
        "uuid": "fb086bad-03d6-4f0d-a3a1-aab95a174cd6",
        "name": "Apple",
        "photo": "Brand_images/apple/apple.png",
        "placeholder": "default_placeholder.jpg"
    }
},
{
    "model": "core.brand",
    "pk": 3,
    "fields": {
        "slug": "lg",
        "uuid": "3299fe2c-3ffe-4ac5-866d-493675b1af33",
        "name": "LG",
        "photo": "Brand_images/lg/LG.png",
        "placeholder": "default_placeholder.jpg"
    }
},
{
    "model": "core.brand",
    "pk": 4,
    "fields": {
        "slug": "huawei",
        "uuid": "020e95bc-2411-4118-9a46-6b17fefa7cd2",
        "name": "Huawei",
        "photo": "Brand_images/huawei/Huawei.png",
        "placeholder": "default_placeholder.jpg"
    }
},
{
    "model": "core.brand",
    "pk": 5,
    "fields": {
        "slug": "lenovo",
        "uuid": "ea391d7a-3bc9-41e9-8a0a-515c6ea72bab",
        "name": "Lenovo",
        "photo": "Brand_images/lenovo/lenovo.png",
        "placeholder": "default_placeholder.jpg"
    }
},
{
    "model": "core.brand",
    "pk": 6,
    "fields": {
        "slug": "hp",
        "uuid": "7dcee671-35bf-47fb-ad2a-c19ecab38826",
        "name": "HP",
        "photo": "Brand_images/hp/HP.png",
        "placeholder": "default_placeholder.jpg"
    }
},
{
    "model": "core.brand",
    "pk": 7,
    "fields": {
        "slug": "msi",
        "uuid": "8b5e7770-0882-459d-9b21-6ecf6c56460a",
        "name": "MSI",
        "photo": "Brand_images/msi/MSI.png",
        "placeholder": "default_placeholder.jpg"
    }
},
{
    "model": "core.brand",
    "pk": 8,
    "fields": {
        "slug": "bose",
        "uuid": "22cf02f5-d77f-46e0-acf1-6a5bb131474b",
        "name": "Bose",
        "photo": "Brand_images/bose/Bose.png",
        "placeholder": "default_placeholder.jpg"
    }
},
{
    "model": "core.brand",
    "pk": 9,
    "fields": {
        "slug": "jbl",
        "uuid": "c3e5c8ee-afef-48ad-8495-2fc5316c24d0",
        "name": "JBL",
        "photo": "Brand_images/jbl/JBL.png",
        "placeholder": "default_placeholder.jpg"
    }
},
{
    "model": "core.brand",
    "pk": 10,
    "fields": {
        "slug": "bosch",
        "uuid": "b802aa12-0bac-4752-9345-a9b08fa17975",
        "name": "BOSCH",
        "photo": "Brand_images/bosch/Bosch.png",
        "placeholder": "default_placeholder.jpg"
    }
},
{
    "model": "core.brand",
    "pk": 11,
    "fields": {
        "slug": "whirlpool",
        "uuid": "0ba0628c-020c-44b6-bbbe-22188ca9c0ab",
        "name": "Whirlpool",
        "photo": "Brand_images/whirlpool/whirlpool.png",
        "placeholder": "default_placeholder.jpg"
    }
},
{
    "model": "core.brand",
    "pk": 12,
    "fields": {
        "slug": "carrier",
        "uuid": "3e7eac1c-d176-4eb3-aae2-3cf31d365b55",
        "name": "Carrier",
        "photo": "Brand_images/carrier/carrier.png",
        "placeholder": "default_placeholder.jpg"
    }
},
{
    "model": "core.brand",
    "pk": 13,
    "fields": {
        "slug": "asian-paint",
        "uuid": "58dbddc9-e72f-4974-b309-367a0c75de32",
        "name": "Asian Paint",
        "photo": "Brand_images/asian-paint/asian-paints.png",
        "placeholder": "default_placeholder.jpg"
    }
},
{
    "model": "core.brand",
    "pk": 14,
    "fields": {
        "slug": "auric",
        "uuid": "629078f5-d0c3-4c81-a9d9-b665162bab09",
        "name": "Auric",
        "photo": "Brand_images/auric/auric.png",
        "placeholder": "default_placeholder.jpg"
    }
},
{
    "model": "core.brand",
    "pk": 15,
    "fields": {
        "slug": "real-active",
        "uuid": "385a8aef-14cb-4f97-b222-73171ed04162",
        "name": "Real Active",
        "photo": "Brand_images/real-active/real_active.jpeg",
        "placeholder": "default_placeholder.jpg"
    }
},
{
    "model": "core.brand",
    "pk": 16,
    "fields": {
        "slug": "tropicana",
        "uuid": "71d62203-e43a-4f03-b293-75bf7d6cb3c7",
        "name": "Tropicana",
        "photo": "Brand_images/tropicana/Tropicana.png",
        "placeholder": "default_placeholder.jpg"
    }
},
{
    "model": "core.brand",
    "pk": 17,
    "fields": {
        "slug": "cadbury",
        "uuid": "53416714-6ab5-4b48-b18e-19753d8b9bdb",
        "name": "Cadbury",
        "photo": "Brand_images/cadbury/cadbury.jpg",
        "placeholder": "default_placeholder.jpg"
    }
},
{
    "model": "core.brand",
    "pk": 18,
    "fields": {
        "slug": "oreally",
        "uuid": "a320e63c-9ae7-43ed-a6ff-4ca970255caf",
        "name": "O'really",
        "photo": "Brand_images/oreally/oreally.png",
        "placeholder": "default_placeholder.jpg"
    }
},
{
    "model": "core.brand",
    "pk": 19,
    "fields": {
        "slug": "packt",
        "uuid": "94c76260-32c9-4d73-bda4-27dfeac6b95f",
        "name": "Packt",
        "photo": "Brand_images/packt/packt.png",
        "placeholder": "default_placeholder.jpg"
    }
},
{
    "model": "core.brand",
    "pk": 20,
    "fields": {
        "slug": "shafire",
        "uuid": "de651019-2083-461a-ace1-1f7e14b4b387",
        "name": "SHAFIRE",
        "photo": "Brand_images/shafire/apple.png",
        "placeholder": "default_placeholder.jpg"
    }
},
{
    "model": "core.brand",
    "pk": 21,
    "fields": {
        "slug": "steelbird",
        "uuid": "d3d04871-56b0-49c9-94b3-d326abc1dda4",
        "name": "Steelbird",
        "photo": "Brand_images/steelbird/auric.png",
        "placeholder": "default_placeholder.jpg"
    }
},
{
    "model": "core.brand",
    "pk": 22,
    "fields": {
        "slug": "rangwell",
        "uuid": "cc9aa570-8966-478f-92b7-858f60fb8e5b",
        "name": "Rangwell",
        "photo": "Brand_images/rangwell/oreally.png",
        "placeholder": "default_placeholder.jpg"
    }
},
{
    "model": "core.brand",
    "pk": 23,
    "fields": {
        "slug": "plantex",
        "uuid": "8e1a79d4-f599-4970-8bfa-fb9f2e180a15",
        "name": "Plantex",
        "photo": "Brand_images/plantex/color.jpg",
        "placeholder": "default_placeholder.jpg"
    }
},
{
    "model": "core.brand",
    "pk": 24,
    "fields": {
        "slug": "minute-maid",
        "uuid": "ac3f83bb-5363-425c-86d0-6ce119b618ca",
        "name": "Minute Maid",
        "photo": "Brand_images/minute-maid/color.jpg",
        "placeholder": "default_placeholder.jpg"
    }
},
{
    "model": "core.couponcode",
    "pk": 1,
    "fields": {
        "created": "2021-09-01T05:05:05.459Z",
        "updated": "2021-09-01T05:53:20.502Z",
        "uuid": "f4e75450-3d5f-47c8-b4db-fbb891dd1a4c",
        "code": "FIRST_ORDER",
        "reusable_type": "SINGLE",
        "summary": "Get 20% off on all products. This coupon can only be used on your first order.",
        "subcategory": null,
        "discount": 20,
        "valid_from": "2021-09-01T05:04:57Z",
        "valid_to": "2022-09-01T05:04:59Z",
        "active": true,
        "users": []
    }
},
{
    "model": "core.couponcode",
    "pk": 2,
    "fields": {
        "created": "2021-09-01T05:06:08.647Z",
        "updated": "2021-09-01T05:49:33.436Z",
        "uuid": "641f6626-ecf3-403a-b896-fb52c2f0a1c1",
        "code": "MOBILE_10",
        "reusable_type": "MONTHLY",
        "summary": "Get 10% off on all mobiles. This coupon can only be used once per month",
        "subcategory": 1,
        "discount": 10,
        "valid_from": "2021-09-01T05:06:00Z",
        "valid_to": "2022-09-01T05:06:01Z",
        "active": true,
        "users": []
    }
},
{
    "model": "core.couponcode",
    "pk": 3,
    "fields": {
        "created": "2021-09-01T05:06:38.753Z",
        "updated": "2021-09-01T05:49:29.014Z",
        "uuid": "9fd10c73-d215-419a-a957-b9651fcdc764",
        "code": "LAPPY_12",
        "reusable_type": "MONTHLY",
        "summary": "Get 12% off on all Laptops. This Coupon can only be used once per month.",
        "subcategory": 3,
        "discount": 12,
        "valid_from": "2021-09-01T05:06:31Z",
        "valid_to": "2022-09-01T05:06:33Z",
        "active": true,
        "users": []
    }
},
{
    "model": "core.couponcode",
    "pk": 4,
    "fields": {
        "created": "2021-09-01T05:07:19.146Z",
        "updated": "2021-09-01T05:49:24.646Z",
        "uuid": "abd1908c-8b5c-40b5-8db7-d6a20b3293e4",
        "code": "TV_13",
        "reusable_type": "MONTHLY",
        "summary": "Get 13% off on all Television. This Coupon can only be used once per month.",
        "subcategory": 5,
        "discount": 13,
        "valid_from": "2021-09-01T05:07:10Z",
        "valid_to": "2022-09-01T05:07:14Z",
        "active": true,
        "users": []
    }
},
{
    "model": "core.couponcode",
    "pk": 5,
    "fields": {
        "created": "2021-09-01T05:28:26.933Z",
        "updated": "2021-09-01T05:48:30.959Z",
        "uuid": "b7be15ee-72c6-4e63-b17c-f30f09fdef22",
        "code": "PAINT-5",
        "reusable_type": "MONTHLY",
        "summary": "Get 5% off on all paints. This coupon can only be used once per month.",
        "subcategory": 6,
        "discount": 5,
        "valid_from": "2021-09-01T05:28:11Z",
        "valid_to": "2022-09-01T05:28:12Z",
        "active": true,
        "users": []
    }
},
{
    "model": "core.couponcode",
    "pk": 6,
    "fields": {
        "created": "2021-09-01T05:51:02.969Z",
        "updated": "2021-09-01T05:51:02.969Z",
        "uuid": "3641aada-476c-4589-807e-803f52c52526",
        "code": "AC_NINE",
        "reusable_type": "MONTHLY",
        "summary": "Get 9% off on Air Conditioners. This coupon can only be used once per month",
        "subcategory": 12,
        "discount": 9,
        "valid_from": "2021-09-01T05:50:50Z",
        "valid_to": "2022-09-01T05:50:55Z",
        "active": true,
        "users": []
    }
},
{
    "model": "core.couponcode",
    "pk": 7,
    "fields": {
        "created": "2021-09-01T05:52:19.405Z",
        "updated": "2021-09-01T05:52:39.599Z",
        "uuid": "5e0ed434-344e-4cf1-b52a-d347e41c59c8",
        "code": "FREEZER_10",
        "reusable_type": "MONTHLY",
        "summary": "Get 10% discount on Refrigerators. This coupon can only be used once per month.",
        "subcategory": 13,
        "discount": 10,
        "valid_from": "2021-09-01T05:52:13Z",
        "valid_to": "2022-09-01T05:52:14Z",
        "active": true,
        "users": []
    }
},
{
    "model": "core.couponcode",
    "pk": 8,
    "fields": {
        "created": "2021-09-01T05:57:42.161Z",
        "updated": "2021-09-01T05:57:42.161Z",
        "uuid": "440b79b5-5ee9-4240-9a4c-699bd1463bce",
        "code": "WASH_12",
        "reusable_type": "MONTHLY",
        "summary": "Get 12% off on all Washing Machines. This Coupon can only be used once per month.",
        "subcategory": 14,
        "discount": 12,
        "valid_from": "2021-09-01T05:57:35Z",
        "valid_to": "2022-09-01T05:57:36Z",
        "active": true,
        "users": []
    }
},
{
    "model": "core.couponcode",
    "pk": 9,
    "fields": {
        "created": "2021-09-01T05:58:51.574Z",
        "updated": "2021-09-01T05:58:51.574Z",
        "uuid": "fb01af27-3a5d-4cdd-8a7c-425be5ab9f81",
        "code": "SPEAKER_11",
        "reusable_type": "SINGLE",
        "summary": "Get 11% off on all speakers. This coupon can only ny used once per month",
        "subcategory": 15,
        "discount": 11,
        "valid_from": "2021-09-01T05:58:45Z",
        "valid_to": "2022-09-01T05:58:46Z",
        "active": true,
        "users": []
    }
},
{
    "model": "core.couponcode",
    "pk": 10,
    "fields": {
        "created": "2021-09-01T06:00:09.410Z",
        "updated": "2021-09-01T06:00:09.410Z",
        "uuid": "3d2dd307-47b4-4c92-a4a0-ecbc4b79b2b2",
        "code": "PROGRAMMER_5",
        "reusable_type": "SINGLE",
        "summary": "Get 5% off on all Programming books. This coupon can only be used once per month",
        "subcategory": 16,
        "discount": 0,
        "valid_from": "2021-09-01T05:59:56Z",
        "valid_to": "2022-09-01T06:00:01Z",
        "active": true,
        "users": []
    }
},
{
    "model": "core.couponcode",
    "pk": 11,
    "fields": {
        "created": "2021-09-01T06:01:21.440Z",
        "updated": "2021-09-01T08:11:34.436Z",
        "uuid": "b209fb83-d00e-472c-8966-8056337fe2b3",
        "code": "JUICE_5",
        "reusable_type": "SINGLE",
        "summary": "Get 5% off on all Juices. This Coupon can only be used once per month",
        "subcategory": 17,
        "discount": 5,
        "valid_from": "2021-09-01T06:01:15Z",
        "valid_to": "2022-09-01T06:01:16Z",
        "active": true,
        "users": []
    }
},
{
    "model": "products.productcolor",
    "pk": 2,
    "fields": {
        "slug": "red",
        "name": "Red"
    }
},
{
    "model": "products.productcolor",
    "pk": 3,
    "fields": {
        "slug": "yellow",
        "name": "Yellow"
    }
},
{
    "model": "products.productcolor",
    "pk": 4,
    "fields": {
        "slug": "green",
        "name": "Green"
    }
},
{
    "model": "products.productcolor",
    "pk": 5,
    "fields": {
        "slug": "blue",
        "name": "Blue"
    }
},
{
    "model": "products.productcolor",
    "pk": 6,
    "fields": {
        "slug": "navy-blue",
        "name": "Navy Blue"
    }
},
{
    "model": "products.productcolor",
    "pk": 7,
    "fields": {
        "slug": "black",
        "name": "Black"
    }
},
{
    "model": "products.productcolor",
    "pk": 8,
    "fields": {
        "slug": "white",
        "name": "White"
    }
},
{
    "model": "products.productcolor",
    "pk": 9,
    "fields": {
        "slug": "purple",
        "name": "Purple"
    }
},
{
    "model": "products.productcolor",
    "pk": 10,
    "fields": {
        "slug": "brown",
        "name": "Brown"
    }
},
{
    "model": "products.productcolor",
    "pk": 11,
    "fields": {
        "slug": "grey",
        "name": "Grey"
    }
},
{
    "model": "products.productcolor",
    "pk": 12,
    "fields": {
        "slug": "gold",
        "name": "Gold"
    }
},
{
    "model": "products.productcolor",
    "pk": 13,
    "fields": {
        "slug": "space-grey",
        "name": "Space Grey"
    }
},
{
    "model": "products.productcolor",
    "pk": 14,
    "fields": {
        "slug": "jet-black",
        "name": "Jet Black"
    }
},
{
    "model": "products.productcolor",
    "pk": 15,
    "fields": {
        "slug": "silver",
        "name": "Silver"
    }
},
{
    "model": "products.productcolor",
    "pk": 16,
    "fields": {
        "slug": "purple-glow",
        "name": "Purple Glow"
    }
},
{
    "model": "products.productcolor",
    "pk": 17,
    "fields": {
        "slug": "blue-charm",
        "name": "Blue Charm"
    }
},
{
    "model": "products.productcolor",
    "pk": 18,
    "fields": {
        "slug": "cloud-navy",
        "name": "Cloud Navy"
    }
},
{
    "model": "products.screentype",
    "pk": 1,
    "fields": {
        "name": "LCD"
    }
},
{
    "model": "products.screentype",
    "pk": 2,
    "fields": {
        "name": "LED"
    }
},
{
    "model": "products.screentype",
    "pk": 8,
    "fields": {
        "name": "OLED"
    }
},
{
    "model": "products.screentype",
    "pk": 9,
    "fields": {
        "name": "QLED"
    }
},
{
    "model": "products.displaytype",
    "pk": 1,
    "fields": {
        "name": "Full HD+ Super AMOLED Display"
    }
},
{
    "model": "products.displaytype",
    "pk": 2,
    "fields": {
        "name": "Dynamic AMOLED Infinity-O Display"
    }
},
{
    "model": "products.displaytype",
    "pk": 3,
    "fields": {
        "name": "Retina HD Display"
    }
},
{
    "model": "products.displaytype",
    "pk": 4,
    "fields": {
        "name": "All-screen LCD Multi-touch Display with IPS Technology"
    }
},
{
    "model": "products.displaytype",
    "pk": 5,
    "fields": {
        "name": "Super Retina XDR Display"
    }
},
{
    "model": "products.displaytype",
    "pk": 6,
    "fields": {
        "name": "OLED"
    }
},
{
    "model": "products.displaytype",
    "pk": 7,
    "fields": {
        "name": "LED"
    }
},
{
    "model": "products.displaytype",
    "pk": 8,
    "fields": {
        "name": "LCD"
    }
},
{
    "model": "products.displaytype",
    "pk": 9,
    "fields": {
        "name": "HD"
    }
},
{
    "model": "products.displaytype",
    "pk": 10,
    "fields": {
        "name": "HD+"
    }
},
{
    "model": "products.displaytype",
    "pk": 11,
    "fields": {
        "name": "Super HD"
    }
},
{
    "model": "products.displaytype",
    "pk": 12,
    "fields": {
        "name": "FHD LED Backlit Anti-glare Display"
    }
},
{
    "model": "products.mobilevariant",
    "pk": 1,
    "fields": {
        "name": "6GB/64GB"
    }
},
{
    "model": "products.mobilevariant",
    "pk": 2,
    "fields": {
        "name": "4GB/64GB"
    }
},
{
    "model": "products.mobilevariant",
    "pk": 3,
    "fields": {
        "name": "8GB/64GB"
    }
},
{
    "model": "products.mobilevariant",
    "pk": 4,
    "fields": {
        "name": "3GB/64GB"
    }
},
{
    "model": "products.mobilevariant",
    "pk": 5,
    "fields": {
        "name": "12GB/64GB"
    }
},
{
    "model": "products.mobilevariant",
    "pk": 6,
    "fields": {
        "name": "4GB/128gb"
    }
},
{
    "model": "products.mobilevariant",
    "pk": 7,
    "fields": {
        "name": "4GB/256GB"
    }
},
{
    "model": "products.mobilevariant",
    "pk": 8,
    "fields": {
        "name": "6GB/128gb"
    }
},
{
    "model": "products.mobilevariant",
    "pk": 9,
    "fields": {
        "name": "6GB/256GB"
    }
},
{
    "model": "products.mobilevariant",
    "pk": 10,
    "fields": {
        "name": "8GB/128GB"
    }
},
{
    "model": "products.mobilevariant",
    "pk": 11,
    "fields": {
        "name": "8GB/256GB"
    }
},
{
    "model": "products.mobilevariant",
    "pk": 12,
    "fields": {
        "name": "12GB/128GB"
    }
},
{
    "model": "products.mobilevariant",
    "pk": 13,
    "fields": {
        "name": "12GB/256GB"
    }
},
{
    "model": "products.mobilevariant",
    "pk": 14,
    "fields": {
        "name": "3GB/128GB"
    }
},
{
    "model": "products.laptopvariant",
    "pk": 1,
    "fields": {
        "name": "8GB/1TB HDD"
    }
},
{
    "model": "products.laptopvariant",
    "pk": 2,
    "fields": {
        "name": "8GB/256GB SDD"
    }
},
{
    "model": "products.tvvariant",
    "pk": 2,
    "fields": {
        "display_size": "65"
    }
},
{
    "model": "products.tvvariant",
    "pk": 3,
    "fields": {
        "display_size": "55"
    }
},
{
    "model": "products.tvvariant",
    "pk": 4,
    "fields": {
        "display_size": "50"
    }
},
{
    "model": "products.tvvariant",
    "pk": 5,
    "fields": {
        "display_size": "43"
    }
},
{
    "model": "products.accapacityvariant",
    "pk": 1,
    "fields": {
        "capacity": "1 Ton"
    }
},
{
    "model": "products.accapacityvariant",
    "pk": 2,
    "fields": {
        "capacity": "1.5 Ton"
    }
},
{
    "model": "products.accapacityvariant",
    "pk": 3,
    "fields": {
        "capacity": "2 Ton"
    }
},
{
    "model": "products.acstarratingvariant",
    "pk": 1,
    "fields": {
        "star": "3 Star"
    }
},
{
    "model": "products.acstarratingvariant",
    "pk": 2,
    "fields": {
        "star": "4 Star"
    }
},
{
    "model": "products.acstarratingvariant",
    "pk": 3,
    "fields": {
        "star": "5 Star"
    }
},
{
    "model": "products.bookvariant",
    "pk": 1,
    "fields": {
        "name": "E-Book"
    }
},
{
    "model": "products.bookvariant",
    "pk": 2,
    "fields": {
        "name": "Paperback"
    }
},
{
    "model": "products.operatingsystem",
    "pk": 1,
    "fields": {
        "slug": "windows-10-home",
        "name": "Windows 10 Home"
    }
},
{
    "model": "products.operatingsystem",
    "pk": 2,
    "fields": {
        "slug": "windows-10-pro",
        "name": "Windows 10 Professional"
    }
},
{
    "model": "products.operatingsystem",
    "pk": 3,
    "fields": {
        "slug": "ios-14",
        "name": "IOS 14"
    }
},
{
    "model": "products.operatingsystem",
    "pk": 4,
    "fields": {
        "slug": "ios-13",
        "name": "IOS 13"
    }
},
{
    "model": "products.operatingsystem",
    "pk": 5,
    "fields": {
        "slug": "ios-12",
        "name": "IOS 12"
    }
},
{
    "model": "products.operatingsystem",
    "pk": 6,
    "fields": {
        "slug": "android-11",
        "name": "Android 11"
    }
},
{
    "model": "products.operatingsystem",
    "pk": 7,
    "fields": {
        "slug": "android-android-q-10",
        "name": "Android Android Q 10"
    }
},
{
    "model": "products.operatingsystem",
    "pk": 8,
    "fields": {
        "slug": "android-10",
        "name": "Android 10"
    }
},
{
    "model": "products.operatingsystem",
    "pk": 9,
    "fields": {
        "slug": "android-9",
        "name": "Android 9"
    }
},
{
    "model": "products.washingmethod",
    "pk": 1,
    "fields": {
        "name": "3 Smart Motion"
    }
},
{
    "model": "products.washingmethod",
    "pk": 2,
    "fields": {
        "name": "Pulsator"
    }
},
{
    "model": "products.washingmethod",
    "pk": 3,
    "fields": {
        "name": "Agipellar Wash"
    }
},
{
    "model": "products.washingmethod",
    "pk": 4,
    "fields": {
        "name": "Tumble Wash"
    }
},
{
    "model": "products.actype",
    "pk": 1,
    "fields": {
        "name": "Split"
    }
},
{
    "model": "products.actype",
    "pk": 2,
    "fields": {
        "name": "Window"
    }
},
{
    "model": "products.actype",
    "pk": 3,
    "fields": {
        "name": "Portable"
    }
},
{
    "model": "products.productseries",
    "pk": 1,
    "fields": {
        "name": "Samsung Galaxy S"
    }
},
{
    "model": "products.productseries",
    "pk": 2,
    "fields": {
        "name": "Samsung Galaxy A"
    }
},
{
    "model": "products.productseries",
    "pk": 3,
    "fields": {
        "name": "Samsung Galaxy Note"
    }
},
{
    "model": "products.productseries",
    "pk": 4,
    "fields": {
        "name": "Samsung Galaxy J"
    }
},
{
    "model": "products.productseries",
    "pk": 5,
    "fields": {
        "name": "Macbook Pro"
    }
},
{
    "model": "products.productseries",
    "pk": 6,
    "fields": {
        "name": "Mackbook Air"
    }
},
{
    "model": "products.productseries",
    "pk": 7,
    "fields": {
        "name": "Thinkpad T Series"
    }
},
{
    "model": "products.productseries",
    "pk": 8,
    "fields": {
        "name": "Thinkpad Series"
    }
},
{
    "model": "products.productseries",
    "pk": 9,
    "fields": {
        "name": "Lenovo V Series"
    }
},
{
    "model": "products.productseries",
    "pk": 10,
    "fields": {
        "name": "Samsung Galaxy Books"
    }
},
{
    "model": "products.productseries",
    "pk": 11,
    "fields": {
        "name": "Microsoft Surface"
    }
},
{
    "model": "products.productseries",
    "pk": 12,
    "fields": {
        "name": "HP Pavilion"
    }
},
{
    "model": "products.productseries",
    "pk": 13,
    "fields": {
        "name": "HP Envy"
    }
},
{
    "model": "products.productseries",
    "pk": 14,
    "fields": {
        "name": "HP Spectre"
    }
},
{
    "model": "products.productseries",
    "pk": 15,
    "fields": {
        "name": "HP ProBook"
    }
},
{
    "model": "products.productseries",
    "pk": 16,
    "fields": {
        "name": "HP EliteBook"
    }
},
{
    "model": "products.productseries",
    "pk": 17,
    "fields": {
        "name": "HP Omen"
    }
},
{
    "model": "products.productseries",
    "pk": 18,
    "fields": {
        "name": "HP Chromebook"
    }
},
{
    "model": "products.productseries",
    "pk": 19,
    "fields": {
        "name": "HP Stream"
    }
},
{
    "model": "products.productseries",
    "pk": 20,
    "fields": {
        "name": "APPLE iPhone SE"
    }
},
{
    "model": "products.productseries",
    "pk": 21,
    "fields": {
        "name": "APPLE iPhone 12"
    }
},
{
    "model": "products.productseries",
    "pk": 22,
    "fields": {
        "name": "ThinkPad E14 Gen2"
    }
},
{
    "model": "products.productseries",
    "pk": 23,
    "fields": {
        "name": "HP 15s"
    }
},
{
    "model": "products.productseries",
    "pk": 24,
    "fields": {
        "name": "The Frame 2021 Series"
    }
},
{
    "model": "products.refrigeratortype",
    "pk": 1,
    "fields": {
        "name": "Double Door"
    }
},
{
    "model": "products.refrigeratortype",
    "pk": 2,
    "fields": {
        "name": "Triple Door"
    }
},
{
    "model": "products.refrigeratortype",
    "pk": 3,
    "fields": {
        "name": "Single Door"
    }
},
{
    "model": "products.speakertype",
    "pk": 1,
    "fields": {
        "name": "Speakers"
    }
},
{
    "model": "products.speakertype",
    "pk": 2,
    "fields": {
        "name": "Bluetooth Speakers"
    }
},
{
    "model": "products.speakertype",
    "pk": 3,
    "fields": {
        "name": "Home Theatres"
    }
},
{
    "model": "products.simtype",
    "pk": 1,
    "fields": {
        "name": "Dual Sim"
    }
},
{
    "model": "products.simtype",
    "pk": 2,
    "fields": {
        "name": "Single Sim"
    }
},
{
    "model": "products.productmobilefeatures",
    "pk": 1,
    "fields": {
        "display_size": "11.94 cm (4.7 inch)",
        "display_type": 3,
        "resolution": "1334 x 750 Pixels",
        "sim_type": 1,
        "touchscreen": true,
        "smart_phone": true,
        "battery_capicity": "1,821mAh",
        "os": 4,
        "ram": "3 GB",
        "series": 20
    }
},
{
    "model": "products.productmobilefeatures",
    "pk": 2,
    "fields": {
        "display_size": "15.49 cm (6.1 inch)",
        "display_type": 5,
        "resolution": "2532 x 1170 Pixels",
        "sim_type": 2,
        "touchscreen": true,
        "smart_phone": true,
        "battery_capicity": "2815 mAh",
        "os": 3,
        "ram": "4 GB",
        "series": 21
    }
},
{
    "model": "products.productmobilefeatures",
    "pk": 3,
    "fields": {
        "display_size": "6.5 inches",
        "display_type": 1,
        "resolution": "1080 x 2400 (FHD+) Resolution.",
        "sim_type": 1,
        "touchscreen": true,
        "smart_phone": true,
        "battery_capicity": "4500 mAh",
        "os": 6,
        "ram": "12 GB",
        "series": 1
    }
},
{
    "model": "products.productlaptopfeatures",
    "pk": 1,
    "fields": {
        "display_size": "35.56 cm (14 inch)",
        "display_type": 12,
        "series": 22,
        "os": 1,
        "processor": "Ryzen 5 Hexa Core",
        "resolution": "1920X1080 Pixel",
        "battery_backup": "Upto 13 hours",
        "touchscreen": false
    }
},
{
    "model": "products.productlaptopfeatures",
    "pk": 2,
    "fields": {
        "display_size": "39.62 cm (15.6 Inch)",
        "display_type": 12,
        "series": 23,
        "os": 1,
        "processor": "Intel Core i3 10th Gen",
        "resolution": "1920 x 1080 Pixel",
        "battery_backup": "Upto 12 hours",
        "touchscreen": false
    }
},
{
    "model": "products.producttelivisionfeatures",
    "pk": 1,
    "fields": {
        "display_size": "163 cm (65 inch)",
        "series": 24,
        "screen_type": 8,
        "is_3d": false,
        "is_curved": false,
        "has_wify": true,
        "usb_count": 2,
        "refresh_rate": "120 Hz",
        "includes_wallmount": true
    }
},
{
    "model": "products.productwashingmachinefeatures",
    "pk": 1,
    "fields": {
        "energy_rating": 5,
        "washing_capicity": 8,
        "washing_method": 4,
        "has_inbuilt_heater": true
    }
},
{
    "model": "products.productairconditionerfeature",
    "pk": 1,
    "fields": {
        "type": 1,
        "compressor": "Rotary",
        "cooling_capacity": 5000,
        "series": null,
        "cooling_coverage_area": "450 Square Feet sq ft"
    }
},
{
    "model": "products.productrefrigeratorfeature",
    "pk": 1,
    "fields": {
        "capacity": "200 L",
        "energy_rating": 4,
        "compressor_type": "Smart Inverter Compressor",
        "type": 3,
        "stabilizer_required": false
    }
},
{
    "model": "products.productspeakersfeatures",
    "pk": 1,
    "fields": {
        "power_output": "",
        "frequency_response": null,
        "has_bluetooth": true,
        "type": 2
    }
},
{
    "model": "products.productspecification",
    "pk": 3,
    "fields": {
        "in_box": "iPhone, USB-C to Lightning Cable, Documentation",
        "launched_date": "2021-08-08",
        "model_no": "MHGQ3HN/A",
        "model_name": "iPhone SE",
        "mobile": 1,
        "laptop": null,
        "tv": null,
        "washing_machine": null,
        "ac": null,
        "refrigerator": null,
        "speaker": null
    }
},
{
    "model": "products.productspecification",
    "pk": 5,
    "fields": {
        "in_box": "iPhone, USB-C to Lightning Cable, Documentation",
        "launched_date": "2021-08-23",
        "model_no": "MGJC3HN/A",
        "model_name": "iPhone 12",
        "mobile": 2,
        "laptop": null,
        "tv": null,
        "washing_machine": null,
        "ac": null,
        "refrigerator": null,
        "speaker": null
    }
},
{
    "model": "products.productspecification",
    "pk": 6,
    "fields": {
        "in_box": "Laptop, Power Adaptor, User Guide, Warranty Documents",
        "launched_date": "2021-08-24",
        "model_no": "E14",
        "model_name": "ThinkPad E14",
        "mobile": null,
        "laptop": 1,
        "tv": null,
        "washing_machine": null,
        "ac": null,
        "refrigerator": null,
        "speaker": null
    }
},
{
    "model": "products.productspecification",
    "pk": 7,
    "fields": {
        "in_box": "Laptop, Power Adaptor, User Guide, Warranty Documents",
        "launched_date": "2021-08-24",
        "model_no": "15s-DU1066TU",
        "model_name": "HP 15s",
        "mobile": null,
        "laptop": 2,
        "tv": null,
        "washing_machine": null,
        "ac": null,
        "refrigerator": null,
        "speaker": null
    }
},
{
    "model": "products.productspecification",
    "pk": 8,
    "fields": {
        "in_box": "1 LED TV, 1 Power Cord, 1 Remocon, 2 Stand-Top, 1 OC",
        "launched_date": "2021-08-26",
        "model_no": "QA65LS03AAKLXL",
        "model_name": "The Frame 2021 Series",
        "mobile": null,
        "laptop": null,
        "tv": 1,
        "washing_machine": null,
        "ac": null,
        "refrigerator": null,
        "speaker": null
    }
},
{
    "model": "products.productspecification",
    "pk": 9,
    "fields": {
        "in_box": "1 Speaker, Power Cord",
        "launched_date": "2021-08-26",
        "model_no": "500",
        "model_name": "Bose 500",
        "mobile": null,
        "laptop": null,
        "tv": null,
        "washing_machine": null,
        "ac": null,
        "refrigerator": null,
        "speaker": 1
    }
},
{
    "model": "products.productspecification",
    "pk": 10,
    "fields": {
        "in_box": "1 Washing Machine, Inlet Hose, User Manual",
        "launched_date": "2021-08-26",
        "model_no": "WAJ2426MIN",
        "model_name": "WAJ2426MIN",
        "mobile": null,
        "laptop": null,
        "tv": null,
        "washing_machine": 1,
        "ac": null,
        "refrigerator": null,
        "speaker": null
    }
},
{
    "model": "products.productspecification",
    "pk": 11,
    "fields": {
        "in_box": "1 Indoor Unit, 1 Outdoor Unit, Remote, User manual",
        "launched_date": "2021-08-26",
        "model_no": "AR18AYNZBBE/AR18AYNZBBENNA /AR18AYNZBBEXNA",
        "model_name": "AR18AYNZBBE/AR18AYNZBBENNA /AR18AYNZBBEXNA",
        "mobile": null,
        "laptop": null,
        "tv": null,
        "washing_machine": null,
        "ac": 1,
        "refrigerator": null,
        "speaker": null
    }
},
{
    "model": "products.productspecification",
    "pk": 13,
    "fields": {
        "in_box": "1 Refrigerator Unit, Owner's Manual",
        "launched_date": "2021-08-26",
        "model_no": "GL-B221APGY",
        "model_name": "GL-B221APGY",
        "mobile": null,
        "laptop": null,
        "tv": null,
        "washing_machine": null,
        "ac": null,
        "refrigerator": 1,
        "speaker": null
    }
},
{
    "model": "products.productspecification",
    "pk": 14,
    "fields": {
        "in_box": "Asian Paints",
        "launched_date": "2021-08-27",
        "model_no": "TE-3",
        "model_name": "Asian Paints white Emulsion",
        "mobile": null,
        "laptop": null,
        "tv": null,
        "washing_machine": null,
        "ac": null,
        "refrigerator": null,
        "speaker": null
    }
},
{
    "model": "products.productspecification",
    "pk": 15,
    "fields": {
        "in_box": "Auric Mens Energy pack of 3",
        "launched_date": "2021-08-27",
        "model_no": null,
        "model_name": "Mens Energy",
        "mobile": null,
        "laptop": null,
        "tv": null,
        "washing_machine": null,
        "ac": null,
        "refrigerator": null,
        "speaker": null
    }
},
{
    "model": "products.productspecification",
    "pk": 16,
    "fields": {
        "in_box": "JavaScript  The Definitive Guide, 7e: Master the World's Most-Used Programming Language",
        "launched_date": "2021-08-27",
        "model_no": null,
        "model_name": "JavaScript  The Definitive Guide",
        "mobile": null,
        "laptop": null,
        "tv": null,
        "washing_machine": null,
        "ac": null,
        "refrigerator": null,
        "speaker": null
    }
},
{
    "model": "products.productspecification",
    "pk": 17,
    "fields": {
        "in_box": "Handset, Non-removable Battery Included, Travel Adapter, USB Cable, User Manual",
        "launched_date": "2021-12-26",
        "model_no": "S20FE5G",
        "model_name": "Samsung Galaxy S20 FE 5G",
        "mobile": 3,
        "laptop": null,
        "tv": null,
        "washing_machine": null,
        "ac": null,
        "refrigerator": null,
        "speaker": null
    }
},
{
    "model": "products.productspecification",
    "pk": 18,
    "fields": {
        "in_box": "Car Document Holder",
        "launched_date": "2021-12-26",
        "model_no": null,
        "model_name": "SHAFIRE Multifunction Car Sun Visor Organizer",
        "mobile": null,
        "laptop": null,
        "tv": null,
        "washing_machine": null,
        "ac": null,
        "refrigerator": null,
        "speaker": null
    }
},
{
    "model": "products.productspecification",
    "pk": 19,
    "fields": {
        "in_box": "pair of Steelbird gloves",
        "launched_date": "2021-12-26",
        "model_no": null,
        "model_name": "Steelbird Full Finger Bike Riding Gloves with Touch Screen Sensitivity at Thumb",
        "mobile": null,
        "laptop": null,
        "tv": null,
        "washing_machine": null,
        "ac": null,
        "refrigerator": null,
        "speaker": null
    }
},
{
    "model": "products.productspecification",
    "pk": 20,
    "fields": {
        "in_box": "1 Brake Lock",
        "launched_date": "2021-12-26",
        "model_no": "MHGQ3HN/ANEW",
        "model_name": "Rangwell Heavy Duty Bike Brake Lock",
        "mobile": null,
        "laptop": null,
        "tv": null,
        "washing_machine": null,
        "ac": null,
        "refrigerator": null,
        "speaker": null
    }
},
{
    "model": "products.productspecification",
    "pk": 21,
    "fields": {
        "in_box": "1 Wall Mount",
        "launched_date": "2021-12-26",
        "model_no": "MGJC3HN/AsaDWERF",
        "model_name": "Plantex Stainless Steel Wall Mount Shelf 2 Tier Bathroom Shelf/Rack with Towel Holder/Towel Hooks/Ba",
        "mobile": null,
        "laptop": null,
        "tv": null,
        "washing_machine": null,
        "ac": null,
        "refrigerator": null,
        "speaker": null
    }
},
{
    "model": "products.productspecification",
    "pk": 22,
    "fields": {
        "in_box": "1 Juice bottle",
        "launched_date": "2021-12-26",
        "model_no": "MHGQ3HN/Afgtyufghrw",
        "model_name": "A deliciously refreshing orange fruit drink",
        "mobile": null,
        "laptop": null,
        "tv": null,
        "washing_machine": null,
        "ac": null,
        "refrigerator": null,
        "speaker": null
    }
},
{
    "model": "products.productspecification",
    "pk": 23,
    "fields": {
        "in_box": "Get any 6 Cadbury chocolates from the following options -Silk Bubbly 50g, Silk Fruit & Nut 55g, Silk Roast Almond 58g, Silk Oreo 60g and Silk Plain 60g.",
        "launched_date": "2021-12-26",
        "model_no": "E14adad",
        "model_name": "Cadbury Silk Potli Gift Pack",
        "mobile": null,
        "laptop": null,
        "tv": null,
        "washing_machine": null,
        "ac": null,
        "refrigerator": null,
        "speaker": null
    }
},
{
    "model": "products.productspecification",
    "pk": 24,
    "fields": {
        "in_box": "1 Tropicana Orange",
        "launched_date": "2021-12-26",
        "model_no": "MGJC3HN/Aqwrwet",
        "model_name": "Tropicana Orange Delight",
        "mobile": null,
        "laptop": null,
        "tv": null,
        "washing_machine": null,
        "ac": null,
        "refrigerator": null,
        "speaker": null
    }
},
{
    "model": "products.productspecification",
    "pk": 25,
    "fields": {
        "in_box": "One Tropicana Litchi Delight Fruit Juice",
        "launched_date": "2021-12-26",
        "model_no": "MHGQ3HNSDafwdfc",
        "model_name": "Tropicana Litchi Delight Fruit Juice",
        "mobile": null,
        "laptop": null,
        "tv": null,
        "washing_machine": null,
        "ac": null,
        "refrigerator": null,
        "speaker": null
    }
},
{
    "model": "products.productspecification",
    "pk": 26,
    "fields": {
        "in_box": "One TypeScript: 62 book",
        "launched_date": "2021-12-26",
        "model_no": "MHGQ3HN/Adfdetyh",
        "model_name": "TypeScript: 62",
        "mobile": null,
        "laptop": null,
        "tv": null,
        "washing_machine": null,
        "ac": null,
        "refrigerator": null,
        "speaker": null
    }
},
{
    "model": "products.productspecification",
    "pk": 27,
    "fields": {
        "in_box": "Django 3 By Example:",
        "launched_date": "2021-12-26",
        "model_no": "MGJC3HN/Afgdyrtfyd",
        "model_name": "Django 3 By Example:",
        "mobile": null,
        "laptop": null,
        "tv": null,
        "washing_machine": null,
        "ac": null,
        "refrigerator": null,
        "speaker": null
    }
},
{
    "model": "products.productspecification",
    "pk": 28,
    "fields": {
        "in_box": "One book",
        "launched_date": "2021-12-26",
        "model_no": "MHGQ3HN/Agcyfyju",
        "model_name": "Learning React: Modern Patterns for Developing React Apps, Second Edition",
        "mobile": null,
        "laptop": null,
        "tv": null,
        "washing_machine": null,
        "ac": null,
        "refrigerator": null,
        "speaker": null
    }
},
{
    "model": "products.productwarranty",
    "pk": 1,
    "fields": {
        "summary": "Brand Warranty of 1 Year",
        "covered": "6 Month Accessories Warranty and 1 Year Mobile Warranty",
        "not_covered": "Broken Display not covered under warranty"
    }
},
{
    "model": "products.productwarranty",
    "pk": 2,
    "fields": {
        "summary": "1 Year Onsite Warranty",
        "covered": "Manufacturing Defects",
        "not_covered": "Physical Damage"
    }
},
{
    "model": "products.productwarranty",
    "pk": 3,
    "fields": {
        "summary": "1 Year Product Warranty and 1 Year Additional on Panel",
        "covered": "All Manufacturing Defects",
        "not_covered": "Warranty Does Not Cover Any External Accessories (Such as Battery, Cable, Carrying Bag), Damage Caused to the Product Due to Improper Installation by Customer, Normal Wear and Tear and Damages Caused to the Product by Accident, Lightening, Ingress of Water, Fire, Dropping or Excessive Shock, Any Damage Caused Due to Tampering of the Product by an Unauthorized Agent."
    }
},
{
    "model": "products.productwarranty",
    "pk": 4,
    "fields": {
        "summary": "1 year from date of invoice when bought from authorized seller",
        "covered": "Bose Corporation (\"Bose\") warrants your product against defects in materials and workmanship when purchased directly from Bose or a Bose authorised reseller. This warranty is extended only to the original end-use purchaser or the person receiving the product as a gift and shall not be extended to any other person or transferee",
        "not_covered": "defects or damage arising from improper use or maintenance, normal wear and tear, commercial use, accident or external causes. Unauthorised repair, modification or customisation of your product"
    }
},
{
    "model": "products.productwarranty",
    "pk": 5,
    "fields": {
        "summary": "2 Years Warranty on Product and 12 Years Warranty on Motor",
        "covered": "All Parts Excluding Outer Cabinet Ans Plastic Parts from the Date of Purchase Will Be Covered Under Warranty.all Manufacturing Defects Are Also Covered",
        "not_covered": "Parts: Outer Cabinet and Plastic Parts, Any Accessories External to the Product, The Product is not Used According to the Instructions Given in the Instructions Manual, Defects Caused by Improper Use as Determined by the Company Personnel, Modification or Alteration of Any Nature Made in the Electrical Circuitry or Physical Construction of the Set, Site (Where the Premises is Kept) Conditions That do not Confirm to the Recommended Operating Conditions of the Machine, The Serial Number is Remove"
    }
},
{
    "model": "products.productwarranty",
    "pk": 6,
    "fields": {
        "summary": "1 Year Comprehensive Warranty on Product, 1 Year on PCB, 1 Year on Condenser, 1 Year on Gas Recharge and 10 Years on Compressor from Samsung",
        "covered": "All Parts, Excluding Air Filter/ Front Grill & Plastic Parts (After Installation). The Warranty Covers Defective Materials and Workmanship From the Date of Purchase. Beyond the First Year of the Warranty Period\r\n\r\nOnly the Compressor Repair (Excluding Gas Filled Inside the Compressor) Will be Provided Free of Cost for 5 Years From Date of Purchase. Refrigerant Gas is Having Only One Year Warranty",
        "not_covered": "Parts: Air Filter/Front Grill is Not Covered in the Warranty After Installation. The Warranty Does Not Cover Installation/Demonstration. Accessories External to the System. Damage parts. The Product is Not Used According to the Instructions Given in the Instruction Manual. Defects Caused by Improper Use as Determined by the Company Personnel. Modification / Alteration of Any Nature is Made in the Electrical Circuitry or Physical Construction of the Set. Site (Premises Where the Product is Kept)"
    }
},
{
    "model": "products.productwarranty",
    "pk": 7,
    "fields": {
        "summary": "1 Year Warranty on Unit and 10 Years Warranty on Compressor from LG",
        "covered": "All Parts Excluding Plastic Parts, Glassware, Bulb and Tube from the Date of Purchase Against Defective Material and Workmanship",
        "not_covered": "Parts: Plastic / Glassware / Bulb / Tube. Any Accessories External to the Product. The Product is Not Used According to the Instructions Given in the Instructions Manual. Defects Caused by Improper Use as Determined by the Company Personnel. Modification or Alteration of Any Nature made in the Electrical Circuitry or Physical Construction of the Set. Site (Where the Premises is Kept) Conditions That do Not Confirm to the Recommended Operating Conditions of the Machine. The Serial Number is Remo"
    }
},
{
    "model": "products.product",
    "pk": 1,
    "fields": {
        "created": "2021-08-08T15:33:16.910Z",
        "updated": "2021-08-08T15:33:16.910Z",
        "uuid": "bdff80c7-f1d2-484e-a82a-cf2231b7fac5",
        "brand": 2,
        "product_code": "MBL",
        "name": "APPLE iPhone SE",
        "slug": "apple-iphone-se",
        "seller": [
            "admin"
        ],
        "subcategory": 1,
        "description": "",
        "overall_rating": "0.0",
        "replacement_days": 10,
        "warranty": 1,
        "weight": "148",
        "specification": 3
    }
},
{
    "model": "products.product",
    "pk": 2,
    "fields": {
        "created": "2021-08-23T15:01:31.649Z",
        "updated": "2021-08-23T15:01:31.649Z",
        "uuid": "2740ef5c-97c6-4d21-b633-45b0e4916fea",
        "brand": 2,
        "product_code": "MBL",
        "name": "APPLE iPhone 12",
        "slug": "apple-iphone-12",
        "seller": [
            "admin"
        ],
        "subcategory": 1,
        "description": "",
        "overall_rating": "0.0",
        "replacement_days": 10,
        "warranty": 1,
        "weight": "162 g",
        "specification": 5
    }
},
{
    "model": "products.product",
    "pk": 3,
    "fields": {
        "created": "2021-08-24T05:30:18.397Z",
        "updated": "2021-08-24T08:09:35.906Z",
        "uuid": "e2ffb734-bd35-4588-aab0-a71b39ca24da",
        "brand": 5,
        "product_code": "LPT",
        "name": "Lenovo ThinkPad E14 Gen2 Ryzen 5 Hexa Core 4650U 5th Gen",
        "slug": "lenovo-thinkpad-e14-gen2-ryzen-5-hexa-core-4650u-5th-gen",
        "seller": [
            "admin"
        ],
        "subcategory": 3,
        "description": "From attending online classes and virtual meetings to playing games and watching movies, the Lenovo",
        "overall_rating": "0.0",
        "replacement_days": 10,
        "warranty": 2,
        "weight": "1.59 kg",
        "specification": 6
    }
},
{
    "model": "products.product",
    "pk": 4,
    "fields": {
        "created": "2021-08-24T06:00:20.399Z",
        "updated": "2021-08-24T06:00:20.399Z",
        "uuid": "9e78a81b-7e09-4ad1-875a-7b75165d7ca0",
        "brand": 6,
        "product_code": "LPT",
        "name": "HP 15s Core i3 10th Gen",
        "slug": "hp-15s-core-i3-10th-gen",
        "seller": [
            "admin"
        ],
        "subcategory": 3,
        "description": "",
        "overall_rating": "0.0",
        "replacement_days": 10,
        "warranty": 2,
        "weight": "1.76 KG",
        "specification": 7
    }
},
{
    "model": "products.product",
    "pk": 5,
    "fields": {
        "created": "2021-08-26T08:54:37.107Z",
        "updated": "2021-08-26T13:26:51.514Z",
        "uuid": "353a796e-0db4-42a8-930f-298658964b0f",
        "brand": 1,
        "product_code": "TVS",
        "name": "SAMSUNG The Frame 2021 Series QLED Ultra HD (4K) Smart TV",
        "slug": "samsung-the-frame-2021-series-163-cm-65-inch-qled-ultra-hd-4k-smart-tv",
        "seller": [
            "admin"
        ],
        "subcategory": 5,
        "description": "Create your own art gallery, watch TV and smartphone content simultaneously, and enjoy lifelike visu",
        "overall_rating": "0.0",
        "replacement_days": 10,
        "warranty": 3,
        "weight": "22.5 kg",
        "specification": 8
    }
},
{
    "model": "products.product",
    "pk": 6,
    "fields": {
        "created": "2021-08-26T13:59:30.973Z",
        "updated": "2021-08-26T13:59:30.973Z",
        "uuid": "b946f33f-ca55-4b33-811e-6682da65db0d",
        "brand": 8,
        "product_code": "NCD",
        "name": "Bose 500 Bluetooth Speaker",
        "slug": "bose-500-bluetooth-speaker",
        "seller": [
            "admin"
        ],
        "subcategory": 15,
        "description": "Make your parties even more exciting and memorable with this Bose Bluetooth Speaker. It comes with",
        "overall_rating": "0.0",
        "replacement_days": 10,
        "warranty": 4,
        "weight": "600 g",
        "specification": 9
    }
},
{
    "model": "products.product",
    "pk": 7,
    "fields": {
        "created": "2021-08-26T14:29:39.349Z",
        "updated": "2021-08-26T14:29:39.349Z",
        "uuid": "b7a75066-a34b-4ecd-9400-8ce52bf81803",
        "brand": 10,
        "product_code": "WMS",
        "name": "BOSCH 8 kg INVERTER TOUCH CONTROL Fully Automatic Front Load with In-built Heater",
        "slug": "bosch-8-kg-inverter-touch-control-fully-automatic-front-load-with-in-built-heater",
        "seller": [
            "admin"
        ],
        "subcategory": 14,
        "description": "",
        "overall_rating": "0.0",
        "replacement_days": 10,
        "warranty": 5,
        "weight": "71.45 Kg",
        "specification": 10
    }
},
{
    "model": "products.product",
    "pk": 8,
    "fields": {
        "created": "2021-08-26T14:57:31.510Z",
        "updated": "2021-08-26T14:57:31.510Z",
        "uuid": "05f390f5-5c02-4f78-8f94-cc7e2f93bd8d",
        "brand": 1,
        "product_code": "NCD",
        "name": "SAMSUNG Split Inverter AC",
        "slug": "samsung-split-inverter-ac",
        "seller": [
            "admin"
        ],
        "subcategory": 12,
        "description": "Stay cool at home even on a hot and humid day with the help of the Samsung split inverter AC. Equipp",
        "overall_rating": "0.0",
        "replacement_days": 10,
        "warranty": 6,
        "weight": "11.4 Kg",
        "specification": 11
    }
},
{
    "model": "products.product",
    "pk": 9,
    "fields": {
        "created": "2021-08-26T19:36:09.532Z",
        "updated": "2021-08-26T19:36:09.532Z",
        "uuid": "812044f4-41f4-4e64-b62a-15165442b986",
        "brand": 3,
        "product_code": "REF",
        "name": "LG Direct Cool Single Door 4 Star Refrigerator",
        "slug": "lg-direct-cool-single-door-4-star-refrigerator",
        "seller": [
            "admin"
        ],
        "subcategory": 13,
        "description": "This LG refrigerator comes equipped with a Smart Inverter Compressor that gives you efficient perfo",
        "overall_rating": "0.0",
        "replacement_days": 10,
        "warranty": 7,
        "weight": "40 kg",
        "specification": 13
    }
},
{
    "model": "products.product",
    "pk": 10,
    "fields": {
        "created": "2021-08-27T04:17:14.375Z",
        "updated": "2021-08-27T04:18:21.082Z",
        "uuid": "dfb16fc4-75bc-4e2b-bb76-64163787e2bb",
        "brand": 13,
        "product_code": "PNT",
        "name": "ASIAN PAINTS TE-3 Emulsion Wall Paint  (4 L)",
        "slug": "asian-paints-te-3-white-emulsion-wall-paint-4-l",
        "seller": [
            "admin"
        ],
        "subcategory": 6,
        "description": "Asian Paints Tractor Emulsion is an acrylic emulsion paint that offers excellent smoothness to touch",
        "overall_rating": "0.0",
        "replacement_days": 0,
        "warranty": null,
        "weight": "4 L",
        "specification": 14
    }
},
{
    "model": "products.product",
    "pk": 11,
    "fields": {
        "created": "2021-08-27T13:26:08.552Z",
        "updated": "2021-08-27T13:26:08.552Z",
        "uuid": "cccf0a15-3c8d-4a6d-acbb-989d92696aeb",
        "brand": 14,
        "product_code": "JUE",
        "name": "Auric Mens Energy",
        "slug": "auric-mens-energy",
        "seller": [
            "admin"
        ],
        "subcategory": 17,
        "description": "Product information provided by the seller on the Website is not exhaustive, please read the label",
        "overall_rating": "0.0",
        "replacement_days": 0,
        "warranty": null,
        "weight": "750 ml",
        "specification": 15
    }
},
{
    "model": "products.product",
    "pk": 12,
    "fields": {
        "created": "2021-08-27T13:33:17.456Z",
        "updated": "2021-08-27T13:33:17.456Z",
        "uuid": "f1c3ac03-5a9f-4fb5-8d88-62aaaf3de93f",
        "brand": 18,
        "product_code": "BKS",
        "name": "JavaScript  The Definitive Guide, 7e: Master the World's Most-Used Programming Language",
        "slug": "javascript-the-definitive-guide-7e-master-the-worlds-most-used-programming-language",
        "seller": [
            "admin"
        ],
        "subcategory": 16,
        "description": "JavaScript is the programming language of the web and is used by more software developers today than",
        "overall_rating": "0.0",
        "replacement_days": 0,
        "warranty": null,
        "weight": "400 g",
        "specification": 16
    }
},
{
    "model": "products.product",
    "pk": 13,
    "fields": {
        "created": "2021-12-26T09:17:08.289Z",
        "updated": "2021-12-26T09:17:08.289Z",
        "uuid": "ef9073fd-dad0-4130-9169-3de66ba62dfc",
        "brand": 1,
        "product_code": "MBL",
        "name": "Samsung Galaxy S20 FE 5G",
        "slug": "samsung-galaxy-s20-fe-5g",
        "seller": [
            "admin"
        ],
        "subcategory": 1,
        "description": "",
        "overall_rating": "0.0",
        "replacement_days": 10,
        "warranty": 1,
        "weight": "182",
        "specification": 17
    }
},
{
    "model": "products.product",
    "pk": 14,
    "fields": {
        "created": "2021-12-26T09:37:52.049Z",
        "updated": "2021-12-26T09:37:52.049Z",
        "uuid": "5f46acc8-21d0-4942-b233-a7226022c209",
        "brand": 20,
        "product_code": "ACC",
        "name": "SHAFIRE Multifunction Car Sun Visor Organizer,Leather Car Document Holder",
        "slug": "shafire-multifunction-car-sun-visor-organizerleather-car-document-holder",
        "seller": [
            "admin"
        ],
        "subcategory": 7,
        "description": "",
        "overall_rating": "0.0",
        "replacement_days": 10,
        "warranty": 1,
        "weight": "90 g",
        "specification": 18
    }
},
{
    "model": "products.product",
    "pk": 15,
    "fields": {
        "created": "2021-12-26T09:46:04.648Z",
        "updated": "2021-12-26T09:46:04.648Z",
        "uuid": "dd0b210d-64a6-49a4-84cb-af21d3ecaf37",
        "brand": 21,
        "product_code": "ACC",
        "name": "Steelbird Full Finger Bike Riding Gloves with Touch Screen Sensitivity at Thumb and Index Finger, Pr",
        "slug": "steelbird-full-finger-bike-riding-gloves-with-touch-screen-sensitivity-at-thumb-and-index-finger-pr",
        "seller": [
            "admin"
        ],
        "subcategory": 7,
        "description": "",
        "overall_rating": "0.0",
        "replacement_days": 10,
        "warranty": null,
        "weight": "80 g",
        "specification": 19
    }
},
{
    "model": "products.product",
    "pk": 16,
    "fields": {
        "created": "2021-12-26T09:58:14.447Z",
        "updated": "2021-12-26T09:58:14.448Z",
        "uuid": "bf16cdf6-2b51-41b7-b5a1-2a8f80407570",
        "brand": 22,
        "product_code": "NCD",
        "name": "Rangwell Heavy Duty Bike Brake Lock - Locking System by Holding Handle Bar with Brake Lever",
        "slug": "rangwell-heavy-duty-bike-brake-lock-locking-system-by-holding-handle-bar-with-brake-lever",
        "seller": [
            "admin"
        ],
        "subcategory": 7,
        "description": "",
        "overall_rating": "0.0",
        "replacement_days": 10,
        "warranty": 1,
        "weight": "210 g",
        "specification": 20
    }
},
{
    "model": "products.product",
    "pk": 17,
    "fields": {
        "created": "2021-12-26T10:07:49.441Z",
        "updated": "2021-12-26T10:07:49.441Z",
        "uuid": "14314e6e-2390-41bb-b842-6f0f1bc643cd",
        "brand": 23,
        "product_code": "NCD",
        "name": "Plantex Stainless Steel Wall Mount Shelf 2 Tier Bathroom Shelf/Rack",
        "slug": "plantex-stainless-steel-wall-mount-shelf-2-tier-bathroom-shelfrack",
        "seller": [
            "admin"
        ],
        "subcategory": 7,
        "description": "",
        "overall_rating": "0.0",
        "replacement_days": 10,
        "warranty": 1,
        "weight": "500 g",
        "specification": 21
    }
},
{
    "model": "products.product",
    "pk": 18,
    "fields": {
        "created": "2021-12-26T10:18:17.434Z",
        "updated": "2021-12-26T10:18:17.434Z",
        "uuid": "3a6d099f-b2ac-482b-9e43-a6fd1de5a53f",
        "brand": 24,
        "product_code": "NCD",
        "name": "Minute Maid Pulpy Orange Fruit Drink",
        "slug": "minute-maid-pulpy-orange-fruit-drink",
        "seller": [
            "admin"
        ],
        "subcategory": 17,
        "description": "A deliciously refreshing orange fruit drink",
        "overall_rating": "0.0",
        "replacement_days": 0,
        "warranty": null,
        "weight": "900 g",
        "specification": 22
    }
},
{
    "model": "products.product",
    "pk": 19,
    "fields": {
        "created": "2021-12-26T10:25:03.101Z",
        "updated": "2021-12-26T10:25:03.101Z",
        "uuid": "8b7114e2-4114-4476-b1a5-b1dae3211bd3",
        "brand": 17,
        "product_code": "CHO",
        "name": "Cadbury Silk Potli Gift Pack",
        "slug": "cadbury-silk-potli-gift-pack",
        "seller": [
            "admin"
        ],
        "subcategory": 18,
        "description": "Cadbury silk fruit and nut not only has the regular smooth and creamy milk chocolate, but also has a",
        "overall_rating": "0.0",
        "replacement_days": 0,
        "warranty": null,
        "weight": "486 g",
        "specification": 23
    }
},
{
    "model": "products.product",
    "pk": 20,
    "fields": {
        "created": "2021-12-26T11:32:46.299Z",
        "updated": "2021-12-26T11:32:46.299Z",
        "uuid": "37e611d5-0299-4216-89e8-532b3773c19d",
        "brand": 16,
        "product_code": "NCD",
        "name": "Tropicana Orange Delight",
        "slug": "tropicana-orange-delight",
        "seller": [
            "admin"
        ],
        "subcategory": 17,
        "description": "Get 100% pure squeezed orange juice from Tropicana. From our Pure Premium to our lower sugar Trop50",
        "overall_rating": "0.0",
        "replacement_days": 0,
        "warranty": null,
        "weight": "988 g",
        "specification": 24
    }
},
{
    "model": "products.product",
    "pk": 21,
    "fields": {
        "created": "2021-12-26T11:39:39.671Z",
        "updated": "2021-12-26T11:39:39.671Z",
        "uuid": "64c8ffa6-30cf-4556-a9b9-aa796b39da10",
        "brand": 16,
        "product_code": "JUE",
        "name": "Tropicana Litchi Delight Fruit Juice",
        "slug": "tropicana-litchi-delight-fruit-juice",
        "seller": [
            "admin"
        ],
        "subcategory": 17,
        "description": "Get 100% pure squeezed orange juice from Tropicana. From our Pure Premium to our lower sugar Trop50",
        "overall_rating": "0.0",
        "replacement_days": 0,
        "warranty": null,
        "weight": "988 g",
        "specification": 25
    }
},
{
    "model": "products.product",
    "pk": 22,
    "fields": {
        "created": "2021-12-26T11:50:49.669Z",
        "updated": "2021-12-26T11:50:49.669Z",
        "uuid": "09d6f4ca-bc57-4918-a5e6-2d43932b1909",
        "brand": 18,
        "product_code": "BKS",
        "name": "Effective TypeScript: 62 Specific Ways to Improve Your TypeScript",
        "slug": "effective-typescript-62-specific-ways-to-improve-your-typescript",
        "seller": [
            "admin"
        ],
        "subcategory": 16,
        "description": "TypeScript is a typed superset of JavaScript with the potential to solve many of the headaches for w",
        "overall_rating": "0.0",
        "replacement_days": 10,
        "warranty": null,
        "weight": "600 g",
        "specification": 26
    }
},
{
    "model": "products.product",
    "pk": 23,
    "fields": {
        "created": "2021-12-26T11:55:59.360Z",
        "updated": "2021-12-26T11:55:59.360Z",
        "uuid": "bb313eda-469e-46bb-93f4-674b2aea8f5c",
        "brand": 19,
        "product_code": "BKS",
        "name": "Django 3 By Example: Build powerful and reliable Python web applications from scratch, 3rd Edition",
        "slug": "django-3-by-example-build-powerful-and-reliable-python-web-applications-from-scratch-3rd-edition",
        "seller": [
            "admin"
        ],
        "subcategory": 16,
        "description": "Learn Django 3 with four end-to-end web projects",
        "overall_rating": "0.0",
        "replacement_days": 10,
        "warranty": null,
        "weight": "700 g",
        "specification": 27
    }
},
{
    "model": "products.product",
    "pk": 24,
    "fields": {
        "created": "2021-12-26T12:03:39.246Z",
        "updated": "2021-12-26T12:03:39.246Z",
        "uuid": "55db1a8e-0981-4d5b-8824-989f9c1d5143",
        "brand": 18,
        "product_code": "BKS",
        "name": "Learning React: Modern Patterns for Developing React Apps, Second Edition",
        "slug": "learning-react-modern-patterns-for-developing-react-apps-second-edition",
        "seller": [
            "admin"
        ],
        "subcategory": 16,
        "description": "If you want to learn how to build efficient React applications, this is your book. Ideal for web dev",
        "overall_rating": "0.0",
        "replacement_days": 10,
        "warranty": null,
        "weight": "0",
        "specification": 28
    }
},
{
    "model": "products.fashionsize",
    "pk": 1,
    "fields": {
        "name": "SMALL",
        "code": "S"
    }
},
{
    "model": "products.fashionsize",
    "pk": 2,
    "fields": {
        "name": "EXTRA SMALL",
        "code": "XS"
    }
},
{
    "model": "products.fashionsize",
    "pk": 3,
    "fields": {
        "name": "MEDIUM",
        "code": "M"
    }
},
{
    "model": "products.fashionsize",
    "pk": 4,
    "fields": {
        "name": "LARGE",
        "code": "L"
    }
},
{
    "model": "products.fashionsize",
    "pk": 5,
    "fields": {
        "name": "EXTRA LARGE",
        "code": "XL"
    }
},
{
    "model": "products.fashionsize",
    "pk": 6,
    "fields": {
        "name": "DOUBLE EXTRA LARGE",
        "code": "XXL"
    }
},
{
    "model": "products.productvariation",
    "pk": 1,
    "fields": {
        "uuid": "54b5423d-f00a-43c1-a605-584c932b9f92",
        "pid": "MBLOGTKIADMSGKIKZJ",
        "product": 1,
        "retail_price": "39900.00",
        "price": "32999.00",
        "color": 7,
        "active": true,
        "available_stock": 10,
        "mobile_variant": 4,
        "laptop_variant": null,
        "tv_variant": null,
        "ac_capacity_variant": null,
        "refrigerator_capacity": null,
        "ac_star_variant": null,
        "book_variation": null,
        "juices_quantity": null,
        "size": null,
        "images": [
            1,
            2,
            3,
            4
        ]
    }
},
{
    "model": "products.productvariation",
    "pk": 2,
    "fields": {
        "uuid": "0f959fb0-4227-4145-b738-05b34f4cdb38",
        "pid": "MBLEWRGZAVMRISCPOF",
        "product": 1,
        "retail_price": "44900.00",
        "price": "34999.00",
        "color": 2,
        "active": true,
        "available_stock": 10,
        "mobile_variant": 14,
        "laptop_variant": null,
        "tv_variant": null,
        "ac_capacity_variant": null,
        "refrigerator_capacity": null,
        "ac_star_variant": null,
        "book_variation": null,
        "juices_quantity": null,
        "size": null,
        "images": [
            5,
            6,
            7,
            8
        ]
    }
},
{
    "model": "products.productvariation",
    "pk": 3,
    "fields": {
        "uuid": "7ac4a8c4-59d3-4caa-8457-f0fe00ca9db3",
        "pid": "MBLPYPMBGCAATDWXSN",
        "product": 1,
        "retail_price": "39900.00",
        "price": "32999.00",
        "color": 8,
        "active": true,
        "available_stock": 9,
        "mobile_variant": 4,
        "laptop_variant": null,
        "tv_variant": null,
        "ac_capacity_variant": null,
        "refrigerator_capacity": null,
        "ac_star_variant": null,
        "book_variation": null,
        "juices_quantity": null,
        "size": null,
        "images": [
            9,
            10,
            11,
            12
        ]
    }
},
{
    "model": "products.productvariation",
    "pk": 4,
    "fields": {
        "uuid": "685b91d4-0e22-47da-a1b0-e9f892b3109b",
        "pid": "MBLOCPIQAORLDBNAHW",
        "product": 2,
        "retail_price": "79900.00",
        "price": "77900.00",
        "color": 7,
        "active": true,
        "available_stock": 20,
        "mobile_variant": 2,
        "laptop_variant": null,
        "tv_variant": null,
        "ac_capacity_variant": null,
        "refrigerator_capacity": null,
        "ac_star_variant": null,
        "book_variation": null,
        "juices_quantity": null,
        "size": null,
        "images": [
            13,
            14,
            15,
            16,
            17
        ]
    }
},
{
    "model": "products.productvariation",
    "pk": 5,
    "fields": {
        "uuid": "77ceb6cc-df8c-4fbc-8c7d-787860c46dcf",
        "pid": "MBLSYJANKJXEVGANXD",
        "product": 2,
        "retail_price": "84900.00",
        "price": "82900.00",
        "color": 7,
        "active": true,
        "available_stock": 15,
        "mobile_variant": 6,
        "laptop_variant": null,
        "tv_variant": null,
        "ac_capacity_variant": null,
        "refrigerator_capacity": null,
        "ac_star_variant": null,
        "book_variation": null,
        "juices_quantity": null,
        "size": null,
        "images": [
            13,
            14,
            15,
            16,
            17
        ]
    }
},
{
    "model": "products.productvariation",
    "pk": 6,
    "fields": {
        "uuid": "d6815d4b-e63a-4f6e-bc00-ef8941979c96",
        "pid": "MBLWRSUXDXZEAKTEGE",
        "product": 2,
        "retail_price": "94900.00",
        "price": "92900.00",
        "color": 7,
        "active": true,
        "available_stock": 5,
        "mobile_variant": 7,
        "laptop_variant": null,
        "tv_variant": null,
        "ac_capacity_variant": null,
        "refrigerator_capacity": null,
        "ac_star_variant": null,
        "book_variation": null,
        "juices_quantity": null,
        "size": null,
        "images": [
            13,
            14,
            15,
            16,
            17
        ]
    }
},
{
    "model": "products.productvariation",
    "pk": 7,
    "fields": {
        "uuid": "24645020-b689-40b1-ae1f-6f50226e9bcd",
        "pid": "MBLKSVVEESOITBPXZS",
        "product": 2,
        "retail_price": "79900.00",
        "price": "77900.00",
        "color": 2,
        "active": true,
        "available_stock": 50,
        "mobile_variant": 2,
        "laptop_variant": null,
        "tv_variant": null,
        "ac_capacity_variant": null,
        "refrigerator_capacity": null,
        "ac_star_variant": null,
        "book_variation": null,
        "juices_quantity": null,
        "size": null,
        "images": [
            17,
            18,
            19,
            20,
            21
        ]
    }
},
{
    "model": "products.productvariation",
    "pk": 8,
    "fields": {
        "uuid": "1b14ab0c-c138-4eb0-8233-983cf1a0cfea",
        "pid": "MBLVJGELBYVOOLRYQI",
        "product": 2,
        "retail_price": "79900.00",
        "price": "77900.00",
        "color": 8,
        "active": true,
        "available_stock": 20,
        "mobile_variant": 2,
        "laptop_variant": null,
        "tv_variant": null,
        "ac_capacity_variant": null,
        "refrigerator_capacity": null,
        "ac_star_variant": null,
        "book_variation": null,
        "juices_quantity": null,
        "size": null,
        "images": [
            17,
            22,
            23,
            24,
            25
        ]
    }
},
{
    "model": "products.productvariation",
    "pk": 9,
    "fields": {
        "uuid": "9bf36858-c786-4597-a4b1-25709c28eaaa",
        "pid": "MBLMTAQWPVSIZCLUFO",
        "product": 2,
        "retail_price": "94900.00",
        "price": "92900.00",
        "color": 2,
        "active": true,
        "available_stock": 0,
        "mobile_variant": 7,
        "laptop_variant": null,
        "tv_variant": null,
        "ac_capacity_variant": null,
        "refrigerator_capacity": null,
        "ac_star_variant": null,
        "book_variation": null,
        "juices_quantity": null,
        "size": null,
        "images": [
            17,
            18,
            19,
            20,
            21
        ]
    }
},
{
    "model": "products.productvariation",
    "pk": 10,
    "fields": {
        "uuid": "5f4a9736-5be5-4ce6-8ed3-1da3b0e54165",
        "pid": "MBLSPKOGALENOMHUJA",
        "product": 2,
        "retail_price": "84900.00",
        "price": "82900.00",
        "color": 8,
        "active": true,
        "available_stock": 11,
        "mobile_variant": 6,
        "laptop_variant": null,
        "tv_variant": null,
        "ac_capacity_variant": null,
        "refrigerator_capacity": null,
        "ac_star_variant": null,
        "book_variation": null,
        "juices_quantity": null,
        "size": null,
        "images": [
            17,
            22,
            23,
            24,
            25
        ]
    }
},
{
    "model": "products.productvariation",
    "pk": 11,
    "fields": {
        "uuid": "69ba45fe-0c44-43af-9d80-1bbe28db57b2",
        "pid": "LPTZWJPMELZZMMOFUK",
        "product": 3,
        "retail_price": "64038.00",
        "price": "53990.00",
        "color": 7,
        "active": true,
        "available_stock": 12,
        "mobile_variant": null,
        "laptop_variant": 2,
        "tv_variant": null,
        "ac_capacity_variant": null,
        "refrigerator_capacity": null,
        "ac_star_variant": null,
        "book_variation": null,
        "juices_quantity": null,
        "size": null,
        "images": [
            30,
            31,
            32,
            33,
            34
        ]
    }
},
{
    "model": "products.productvariation",
    "pk": 12,
    "fields": {
        "uuid": "4e06e729-56b7-48c5-8d65-2ce953486f4b",
        "pid": "LPTPUXHMKVGRHEUSEO",
        "product": 4,
        "retail_price": "43900.00",
        "price": "40990.00",
        "color": 14,
        "active": true,
        "available_stock": 50,
        "mobile_variant": null,
        "laptop_variant": 1,
        "tv_variant": null,
        "ac_capacity_variant": null,
        "refrigerator_capacity": null,
        "ac_star_variant": null,
        "book_variation": null,
        "juices_quantity": null,
        "size": null,
        "images": [
            26,
            27,
            28,
            29
        ]
    }
},
{
    "model": "products.productvariation",
    "pk": 14,
    "fields": {
        "uuid": "f7f4c975-15c9-49e7-891f-521255d9dc5b",
        "pid": "TVSQDMJQZBSHNATFQW",
        "product": 5,
        "retail_price": "222900.00",
        "price": "124999.00",
        "color": null,
        "active": true,
        "available_stock": 5,
        "mobile_variant": null,
        "laptop_variant": null,
        "tv_variant": 2,
        "ac_capacity_variant": null,
        "refrigerator_capacity": null,
        "ac_star_variant": null,
        "book_variation": null,
        "juices_quantity": null,
        "size": null,
        "images": [
            35,
            36,
            38,
            39,
            40,
            41,
            42,
            43
        ]
    }
},
{
    "model": "products.productvariation",
    "pk": 15,
    "fields": {
        "uuid": "a3e22982-219a-4630-90c0-fbefe198b4b2",
        "pid": "TVSXHYFLBVCGVULKJR",
        "product": 5,
        "retail_price": "1444900.00",
        "price": "92999.00",
        "color": null,
        "active": true,
        "available_stock": 10,
        "mobile_variant": null,
        "laptop_variant": null,
        "tv_variant": 3,
        "ac_capacity_variant": null,
        "refrigerator_capacity": null,
        "ac_star_variant": null,
        "book_variation": null,
        "juices_quantity": null,
        "size": null,
        "images": [
            35,
            36,
            38,
            39,
            40,
            41,
            42,
            43
        ]
    }
},
{
    "model": "products.productvariation",
    "pk": 16,
    "fields": {
        "uuid": "68d7f591-a8b2-44bc-af24-1acd33312a03",
        "pid": "TVSSVBWCOJVSWRXXHX",
        "product": 5,
        "retail_price": "119900.00",
        "price": "77999.00",
        "color": null,
        "active": true,
        "available_stock": 18,
        "mobile_variant": null,
        "laptop_variant": null,
        "tv_variant": 4,
        "ac_capacity_variant": null,
        "refrigerator_capacity": null,
        "ac_star_variant": null,
        "book_variation": null,
        "juices_quantity": null,
        "size": null,
        "images": [
            35,
            36,
            38,
            39,
            40,
            41,
            42,
            43
        ]
    }
},
{
    "model": "products.productvariation",
    "pk": 17,
    "fields": {
        "uuid": "61159402-449e-429d-9bfa-a086f66d8945",
        "pid": "TVSCHJAXODSAOWEJCK",
        "product": 5,
        "retail_price": "89990.00",
        "price": "61999.00",
        "color": null,
        "active": true,
        "available_stock": 12,
        "mobile_variant": null,
        "laptop_variant": null,
        "tv_variant": 5,
        "ac_capacity_variant": null,
        "refrigerator_capacity": null,
        "ac_star_variant": null,
        "book_variation": null,
        "juices_quantity": null,
        "size": null,
        "images": [
            35,
            36,
            38,
            39,
            40,
            41,
            42,
            43
        ]
    }
},
{
    "model": "products.productvariation",
    "pk": 18,
    "fields": {
        "uuid": "74975249-224f-44e5-a9c9-2541dc7d0cac",
        "pid": "NCDIVSOXOXYIIQBYRT",
        "product": 6,
        "retail_price": "39000.00",
        "price": "39000.00",
        "color": 7,
        "active": true,
        "available_stock": 4,
        "mobile_variant": null,
        "laptop_variant": null,
        "tv_variant": null,
        "ac_capacity_variant": null,
        "refrigerator_capacity": null,
        "ac_star_variant": null,
        "book_variation": null,
        "juices_quantity": null,
        "size": null,
        "images": [
            50,
            51,
            52,
            53
        ]
    }
},
{
    "model": "products.productvariation",
    "pk": 19,
    "fields": {
        "uuid": "99532551-0391-49d0-a253-7c8169c455cf",
        "pid": "NCDRHXIHFCKAKAZSZI",
        "product": 6,
        "retail_price": "39000.00",
        "price": "39000.00",
        "color": 15,
        "active": true,
        "available_stock": 12,
        "mobile_variant": null,
        "laptop_variant": null,
        "tv_variant": null,
        "ac_capacity_variant": null,
        "refrigerator_capacity": null,
        "ac_star_variant": null,
        "book_variation": null,
        "juices_quantity": null,
        "size": null,
        "images": [
            44,
            45,
            46,
            47,
            48,
            49
        ]
    }
},
{
    "model": "products.productvariation",
    "pk": 20,
    "fields": {
        "uuid": "a401ff10-cccc-4ddf-a933-8d2588f09e67",
        "pid": "WMSOTJLTGXGPSTCOWX",
        "product": 7,
        "retail_price": "43399.00",
        "price": "34490.00",
        "color": 8,
        "active": true,
        "available_stock": 9,
        "mobile_variant": null,
        "laptop_variant": null,
        "tv_variant": null,
        "ac_capacity_variant": null,
        "refrigerator_capacity": null,
        "ac_star_variant": null,
        "book_variation": null,
        "juices_quantity": null,
        "size": null,
        "images": [
            54,
            55,
            56,
            57,
            58,
            59
        ]
    }
},
{
    "model": "products.productvariation",
    "pk": 21,
    "fields": {
        "uuid": "9102aa8c-dedb-4c53-8e4d-da323deacc7f",
        "pid": "NCDCMDKJGUNUVWHPMZ",
        "product": 8,
        "retail_price": "42990.00",
        "price": "27490.00",
        "color": 5,
        "active": true,
        "available_stock": 10,
        "mobile_variant": null,
        "laptop_variant": null,
        "tv_variant": null,
        "ac_capacity_variant": 1,
        "refrigerator_capacity": null,
        "ac_star_variant": 1,
        "book_variation": null,
        "juices_quantity": null,
        "size": null,
        "images": [
            60,
            61,
            62,
            63,
            64
        ]
    }
},
{
    "model": "products.productvariation",
    "pk": 22,
    "fields": {
        "uuid": "05959c43-3fc8-471c-9a59-232106f9aa0b",
        "pid": "NCDMQSEDBFIZAEGAKH",
        "product": 8,
        "retail_price": "45990.00",
        "price": "30990.00",
        "color": 5,
        "active": true,
        "available_stock": 8,
        "mobile_variant": null,
        "laptop_variant": null,
        "tv_variant": null,
        "ac_capacity_variant": 2,
        "refrigerator_capacity": null,
        "ac_star_variant": 1,
        "book_variation": null,
        "juices_quantity": null,
        "size": null,
        "images": [
            60,
            61,
            62,
            63,
            64
        ]
    }
},
{
    "model": "products.productvariation",
    "pk": 23,
    "fields": {
        "uuid": "2eefb84e-d512-4584-b469-9efa02c2bda5",
        "pid": "NCDYFHZKIYTXMYCGDJ",
        "product": 8,
        "retail_price": "44990.00",
        "price": "28990.00",
        "color": 5,
        "active": true,
        "available_stock": 8,
        "mobile_variant": null,
        "laptop_variant": null,
        "tv_variant": null,
        "ac_capacity_variant": 1,
        "refrigerator_capacity": null,
        "ac_star_variant": 2,
        "book_variation": null,
        "juices_quantity": null,
        "size": null,
        "images": [
            60,
            61,
            62,
            63,
            64
        ]
    }
},
{
    "model": "products.productvariation",
    "pk": 24,
    "fields": {
        "uuid": "6a46e6e5-9503-4d1e-a521-992c7c342b81",
        "pid": "NCDJDSEEWBUVLVRWDN",
        "product": 8,
        "retail_price": "51990.00",
        "price": "32990.00",
        "color": 5,
        "active": true,
        "available_stock": 14,
        "mobile_variant": null,
        "laptop_variant": null,
        "tv_variant": null,
        "ac_capacity_variant": 2,
        "refrigerator_capacity": null,
        "ac_star_variant": 2,
        "book_variation": null,
        "juices_quantity": null,
        "size": null,
        "images": [
            60,
            61,
            62,
            63,
            64
        ]
    }
},
{
    "model": "products.productvariation",
    "pk": 25,
    "fields": {
        "uuid": "20aad60b-ae36-4502-ae23-6602fefcdec6",
        "pid": "NCDOEIPNRWODCTRTMU",
        "product": 8,
        "retail_price": "56990.00",
        "price": "34990.00",
        "color": 5,
        "active": true,
        "available_stock": 0,
        "mobile_variant": null,
        "laptop_variant": null,
        "tv_variant": null,
        "ac_capacity_variant": 2,
        "refrigerator_capacity": null,
        "ac_star_variant": 3,
        "book_variation": null,
        "juices_quantity": null,
        "size": null,
        "images": [
            60,
            61,
            62,
            63,
            64
        ]
    }
},
{
    "model": "products.productvariation",
    "pk": 26,
    "fields": {
        "uuid": "a870b012-a459-43a5-89a4-4ebd80978489",
        "pid": "REFPVKSOYNKUKLDOHZ",
        "product": 9,
        "retail_price": "23590.00",
        "price": "19399.00",
        "color": 16,
        "active": true,
        "available_stock": 10,
        "mobile_variant": null,
        "laptop_variant": null,
        "tv_variant": null,
        "ac_capacity_variant": null,
        "refrigerator_capacity": "215 L",
        "ac_star_variant": null,
        "book_variation": null,
        "juices_quantity": null,
        "size": null,
        "images": [
            84,
            85,
            86,
            87,
            88,
            89,
            90
        ]
    }
},
{
    "model": "products.productvariation",
    "pk": 27,
    "fields": {
        "uuid": "ffd787a5-c284-4be6-a9c9-dc5c10174e62",
        "pid": "REFRACTSAUHVVFWZOQ",
        "product": 9,
        "retail_price": "24990.00",
        "price": "20490.00",
        "color": 17,
        "active": true,
        "available_stock": 8,
        "mobile_variant": null,
        "laptop_variant": null,
        "tv_variant": null,
        "ac_capacity_variant": null,
        "refrigerator_capacity": "235 L",
        "ac_star_variant": null,
        "book_variation": null,
        "juices_quantity": null,
        "size": null,
        "images": [
            91,
            92,
            93,
            94,
            95
        ]
    }
},
{
    "model": "products.productvariation",
    "pk": 28,
    "fields": {
        "uuid": "b4b95cc9-471e-45bc-a520-deb7286b9521",
        "pid": "PNTSRRKOOTMDQCRKYH",
        "product": 10,
        "retail_price": "1591.00",
        "price": "999.00",
        "color": 8,
        "active": true,
        "available_stock": 100,
        "mobile_variant": null,
        "laptop_variant": null,
        "tv_variant": null,
        "ac_capacity_variant": null,
        "refrigerator_capacity": null,
        "ac_star_variant": null,
        "book_variation": null,
        "juices_quantity": null,
        "size": null,
        "images": [
            77
        ]
    }
},
{
    "model": "products.productvariation",
    "pk": 29,
    "fields": {
        "uuid": "11d18216-293b-4823-a177-17456e0c5b0c",
        "pid": "JUECLULQXBRMBIXMGL",
        "product": 11,
        "retail_price": "255.00",
        "price": "255.00",
        "color": null,
        "active": true,
        "available_stock": 0,
        "mobile_variant": null,
        "laptop_variant": null,
        "tv_variant": null,
        "ac_capacity_variant": null,
        "refrigerator_capacity": null,
        "ac_star_variant": null,
        "book_variation": null,
        "juices_quantity": "3 x 250 ml",
        "size": null,
        "images": [
            78,
            79,
            80,
            81,
            82
        ]
    }
},
{
    "model": "products.productvariation",
    "pk": 30,
    "fields": {
        "uuid": "3ee0d8be-c5fd-4ed5-adc6-7ffd99b0568f",
        "pid": "BKSPEPULGXEREHQQZA",
        "product": 12,
        "retail_price": "4421.00",
        "price": "4421.00",
        "color": null,
        "active": true,
        "available_stock": 30,
        "mobile_variant": null,
        "laptop_variant": null,
        "tv_variant": null,
        "ac_capacity_variant": null,
        "refrigerator_capacity": null,
        "ac_star_variant": null,
        "book_variation": 2,
        "juices_quantity": null,
        "size": null,
        "images": [
            83
        ]
    }
},
{
    "model": "products.productvariation",
    "pk": 31,
    "fields": {
        "uuid": "8af15f52-203d-4ba0-bdee-2ae72477ed94",
        "pid": "BKSXYKJXWBRAIFXELR",
        "product": 12,
        "retail_price": "2042.50",
        "price": "2042.50",
        "color": null,
        "active": true,
        "available_stock": 5000,
        "mobile_variant": null,
        "laptop_variant": null,
        "tv_variant": null,
        "ac_capacity_variant": null,
        "refrigerator_capacity": null,
        "ac_star_variant": null,
        "book_variation": 1,
        "juices_quantity": null,
        "size": null,
        "images": [
            83
        ]
    }
},
{
    "model": "products.productvariation",
    "pk": 32,
    "fields": {
        "uuid": "69792a43-c471-48c1-a247-c7a9ee193531",
        "pid": "MBLTPZJQAFHUVMGCLS",
        "product": 13,
        "retail_price": "84998.00",
        "price": "46990.00",
        "color": 18,
        "active": true,
        "available_stock": 10,
        "mobile_variant": 13,
        "laptop_variant": null,
        "tv_variant": null,
        "ac_capacity_variant": null,
        "refrigerator_capacity": null,
        "ac_star_variant": null,
        "book_variation": null,
        "juices_quantity": null,
        "size": null,
        "images": [
            96,
            97,
            98,
            99,
            100
        ]
    }
},
{
    "model": "products.productvariation",
    "pk": 33,
    "fields": {
        "uuid": "cd8ac557-8f34-41ea-a1d2-a0b127111b12",
        "pid": "ACCPJVLYSMAEBQTYUU",
        "product": 14,
        "retail_price": "1000.00",
        "price": "849.00",
        "color": 10,
        "active": true,
        "available_stock": 100,
        "mobile_variant": null,
        "laptop_variant": null,
        "tv_variant": null,
        "ac_capacity_variant": null,
        "refrigerator_capacity": null,
        "ac_star_variant": null,
        "book_variation": null,
        "juices_quantity": null,
        "size": null,
        "images": [
            101,
            102,
            103
        ]
    }
},
{
    "model": "products.productvariation",
    "pk": 34,
    "fields": {
        "uuid": "17dc9c10-abf4-4478-8089-e80443f80c31",
        "pid": "ACCZBGKSMIGQFXRUYO",
        "product": 15,
        "retail_price": "600.00",
        "price": "549.00",
        "color": 7,
        "active": true,
        "available_stock": 20,
        "mobile_variant": null,
        "laptop_variant": null,
        "tv_variant": null,
        "ac_capacity_variant": null,
        "refrigerator_capacity": null,
        "ac_star_variant": null,
        "book_variation": null,
        "juices_quantity": null,
        "size": 5,
        "images": [
            104,
            105,
            106,
            107
        ]
    }
},
{
    "model": "products.productvariation",
    "pk": 35,
    "fields": {
        "uuid": "5fef62f8-21a9-4976-a62d-108a67f4b70a",
        "pid": "NCDSQPAANALNZMIFYG",
        "product": 16,
        "retail_price": "450.00",
        "price": "400.00",
        "color": 3,
        "active": true,
        "available_stock": 10,
        "mobile_variant": null,
        "laptop_variant": null,
        "tv_variant": null,
        "ac_capacity_variant": null,
        "refrigerator_capacity": null,
        "ac_star_variant": null,
        "book_variation": null,
        "juices_quantity": null,
        "size": null,
        "images": [
            108,
            109,
            110,
            111
        ]
    }
},
{
    "model": "products.productvariation",
    "pk": 36,
    "fields": {
        "uuid": "03760db6-c7f2-4c5b-8cde-b29540b1bfa7",
        "pid": "NCDXJLPEEHCUPJXVCV",
        "product": 17,
        "retail_price": "600.00",
        "price": "480.00",
        "color": null,
        "active": true,
        "available_stock": 5,
        "mobile_variant": null,
        "laptop_variant": null,
        "tv_variant": null,
        "ac_capacity_variant": null,
        "refrigerator_capacity": null,
        "ac_star_variant": null,
        "book_variation": null,
        "juices_quantity": null,
        "size": null,
        "images": [
            112,
            113,
            114
        ]
    }
},
{
    "model": "products.productvariation",
    "pk": 37,
    "fields": {
        "uuid": "2de3590d-27d7-4cca-b2b9-f9498a7a46d8",
        "pid": "NCDNSMJZYAZMREKMVV",
        "product": 18,
        "retail_price": "69.00",
        "price": "60.00",
        "color": null,
        "active": true,
        "available_stock": 100,
        "mobile_variant": null,
        "laptop_variant": null,
        "tv_variant": null,
        "ac_capacity_variant": null,
        "refrigerator_capacity": null,
        "ac_star_variant": null,
        "book_variation": null,
        "juices_quantity": "1 L",
        "size": null,
        "images": [
            115,
            116,
            117
        ]
    }
},
{
    "model": "products.productvariation",
    "pk": 38,
    "fields": {
        "uuid": "dcb68363-0713-4d9d-8c5a-abe38f992638",
        "pid": "CHORNCMOPCDCYMDODB",
        "product": 19,
        "retail_price": "650.00",
        "price": "585.00",
        "color": null,
        "active": true,
        "available_stock": 50,
        "mobile_variant": null,
        "laptop_variant": null,
        "tv_variant": null,
        "ac_capacity_variant": null,
        "refrigerator_capacity": null,
        "ac_star_variant": null,
        "book_variation": null,
        "juices_quantity": "343g",
        "size": null,
        "images": [
            118,
            119,
            120,
            121,
            122
        ]
    }
},
{
    "model": "products.productvariation",
    "pk": 39,
    "fields": {
        "uuid": "05d76de5-52a5-4773-8785-8e82e6674d37",
        "pid": "NCDJNYBQCVZDTJVSGT",
        "product": 20,
        "retail_price": "115.00",
        "price": "110.00",
        "color": null,
        "active": true,
        "available_stock": 10,
        "mobile_variant": null,
        "laptop_variant": null,
        "tv_variant": null,
        "ac_capacity_variant": null,
        "refrigerator_capacity": null,
        "ac_star_variant": null,
        "book_variation": null,
        "juices_quantity": "1 L",
        "size": null,
        "images": [
            123,
            124,
            125,
            126
        ]
    }
},
{
    "model": "products.productvariation",
    "pk": 40,
    "fields": {
        "uuid": "aba626bf-bd4e-404d-80a9-52bc9bd4f04f",
        "pid": "JUEUANUHWMVSZGXLCP",
        "product": 21,
        "retail_price": "120.00",
        "price": "115.00",
        "color": null,
        "active": true,
        "available_stock": 10,
        "mobile_variant": null,
        "laptop_variant": null,
        "tv_variant": null,
        "ac_capacity_variant": null,
        "refrigerator_capacity": null,
        "ac_star_variant": null,
        "book_variation": null,
        "juices_quantity": "1 L",
        "size": null,
        "images": [
            128,
            125,
            126,
            127
        ]
    }
},
{
    "model": "products.productvariation",
    "pk": 42,
    "fields": {
        "uuid": "77dd7269-82c9-458d-92f4-78afbe1904df",
        "pid": "BKSOUQJNNTFFCLFDHC",
        "product": 22,
        "retail_price": "5000.00",
        "price": "3596.00",
        "color": null,
        "active": true,
        "available_stock": 0,
        "mobile_variant": null,
        "laptop_variant": null,
        "tv_variant": null,
        "ac_capacity_variant": null,
        "refrigerator_capacity": null,
        "ac_star_variant": null,
        "book_variation": 2,
        "juices_quantity": null,
        "size": null,
        "images": [
            129
        ]
    }
},
{
    "model": "products.productvariation",
    "pk": 43,
    "fields": {
        "uuid": "f92cefdd-5641-4717-84a5-279eec84f246",
        "pid": "BKSEVHXUOCLJQZPYSQ",
        "product": 23,
        "retail_price": "3200.00",
        "price": "2999.00",
        "color": null,
        "active": true,
        "available_stock": 20,
        "mobile_variant": null,
        "laptop_variant": null,
        "tv_variant": null,
        "ac_capacity_variant": null,
        "refrigerator_capacity": null,
        "ac_star_variant": null,
        "book_variation": 2,
        "juices_quantity": null,
        "size": null,
        "images": [
            130
        ]
    }
},
{
    "model": "products.productvariation",
    "pk": 44,
    "fields": {
        "uuid": "3e7521a8-1402-40e2-9fc9-c9e3f1354591",
        "pid": "BKSADPJCPTUZVXIJCP",
        "product": 24,
        "retail_price": "3999.00",
        "price": "2896.00",
        "color": null,
        "active": true,
        "available_stock": 10,
        "mobile_variant": null,
        "laptop_variant": null,
        "tv_variant": null,
        "ac_capacity_variant": null,
        "refrigerator_capacity": null,
        "ac_star_variant": null,
        "book_variation": 2,
        "juices_quantity": null,
        "size": null,
        "images": [
            131
        ]
    }
},
{
    "model": "products.productimages",
    "pk": 1,
    "fields": {
        "image_summary": "Iphone se black main",
        "image": "Product_Image/Iphone/iphone-se-black-main/front.jpeg",
        "placeholder": "default_placeholder.jpg",
        "primary": true
    }
},
{
    "model": "products.productimages",
    "pk": 2,
    "fields": {
        "image_summary": "Iphone se black camera",
        "image": "Product_Image/Iphone/iphone-se-black-camera/camera.jpeg",
        "placeholder": "default_placeholder.jpg",
        "primary": false
    }
},
{
    "model": "products.productimages",
    "pk": 3,
    "fields": {
        "image_summary": "Iphone se black back",
        "image": "Product_Image/Iphone/iphone-se-black-back/back.jpeg",
        "placeholder": "default_placeholder.jpg",
        "primary": false
    }
},
{
    "model": "products.productimages",
    "pk": 4,
    "fields": {
        "image_summary": "Iphone se black side",
        "image": "Product_Image/Iphone/iphone-se-black-side/side.jpeg",
        "placeholder": "default_placeholder.jpg",
        "primary": false
    }
},
{
    "model": "products.productimages",
    "pk": 5,
    "fields": {
        "image_summary": "Iphone se red main",
        "image": "Product_Image/Iphone/iphone-se-red-main/front.jpeg",
        "placeholder": "default_placeholder.jpg",
        "primary": true
    }
},
{
    "model": "products.productimages",
    "pk": 6,
    "fields": {
        "image_summary": "Iphone se red back",
        "image": "Product_Image/Iphone/iphone-se-red-back/back.jpeg",
        "placeholder": "default_placeholder.jpg",
        "primary": false
    }
},
{
    "model": "products.productimages",
    "pk": 7,
    "fields": {
        "image_summary": "Iphone se red side",
        "image": "Product_Image/Iphone/iphone-se-red-side/side.jpeg",
        "placeholder": "default_placeholder.jpg",
        "primary": false
    }
},
{
    "model": "products.productimages",
    "pk": 8,
    "fields": {
        "image_summary": "Iphone se red camera",
        "image": "Product_Image/Iphone/iphone-se-red-camera/camera.jpeg",
        "placeholder": "default_placeholder.jpg",
        "primary": false
    }
},
{
    "model": "products.productimages",
    "pk": 9,
    "fields": {
        "image_summary": "Iphone se White main",
        "image": "Product_Image/Iphone/iphone-se-white-main/front.jpeg",
        "placeholder": "default_placeholder.jpg",
        "primary": true
    }
},
{
    "model": "products.productimages",
    "pk": 10,
    "fields": {
        "image_summary": "Iphone se white side",
        "image": "Product_Image/Iphone/iphone-se-white-side/side.jpeg",
        "placeholder": "default_placeholder.jpg",
        "primary": false
    }
},
{
    "model": "products.productimages",
    "pk": 11,
    "fields": {
        "image_summary": "Iphone se white camera",
        "image": "Product_Image/Iphone/iphone-se-white-camera/camera.jpeg",
        "placeholder": "default_placeholder.jpg",
        "primary": false
    }
},
{
    "model": "products.productimages",
    "pk": 12,
    "fields": {
        "image_summary": "Iphone se white back",
        "image": "Product_Image/Iphone/iphone-se-white-back/back.jpeg",
        "placeholder": "default_placeholder.jpg",
        "primary": false
    }
},
{
    "model": "products.productimages",
    "pk": 13,
    "fields": {
        "image_summary": "Iphone 12 black main",
        "image": "Product_Image/Iphone/iphone-12-black-main/front_main.jpeg",
        "placeholder": "default_placeholder.jpg",
        "primary": true
    }
},
{
    "model": "products.productimages",
    "pk": 14,
    "fields": {
        "image_summary": "Iphone 12 black front",
        "image": "Product_Image/Iphone/iphone-12-black-front/front_black.jpeg",
        "placeholder": "default_placeholder.jpg",
        "primary": false
    }
},
{
    "model": "products.productimages",
    "pk": 15,
    "fields": {
        "image_summary": "Iphone 12 black camera",
        "image": "Product_Image/Iphone/iphone-12-black-camera/front_camera.jpeg",
        "placeholder": "default_placeholder.jpg",
        "primary": false
    }
},
{
    "model": "products.productimages",
    "pk": 16,
    "fields": {
        "image_summary": "Iphone 12 black camera 2",
        "image": "Product_Image/Iphone/iphone-12-black-camera-2/front_camera2.jpeg",
        "placeholder": "default_placeholder.jpg",
        "primary": false
    }
},
{
    "model": "products.productimages",
    "pk": 17,
    "fields": {
        "image_summary": "Iphone 12 detail",
        "image": "Product_Image/Iphone/iphone-12-detail/iphone_12_detail.jpeg",
        "placeholder": "default_placeholder.jpg",
        "primary": false
    }
},
{
    "model": "products.productimages",
    "pk": 18,
    "fields": {
        "image_summary": "Iphone 12 red main",
        "image": "Product_Image/Iphone/iphone-12-red-main/red_main.jpeg",
        "placeholder": "default_placeholder.jpg",
        "primary": true
    }
},
{
    "model": "products.productimages",
    "pk": 19,
    "fields": {
        "image_summary": "Iphone 12 red front",
        "image": "Product_Image/Iphone/iphone-12-red-front/red_front.jpeg",
        "placeholder": "default_placeholder.jpg",
        "primary": false
    }
},
{
    "model": "products.productimages",
    "pk": 20,
    "fields": {
        "image_summary": "Iphone 12 red camera",
        "image": "Product_Image/Iphone/iphone-12-red-camera/red_camera.jpeg",
        "placeholder": "default_placeholder.jpg",
        "primary": false
    }
},
{
    "model": "products.productimages",
    "pk": 21,
    "fields": {
        "image_summary": "Iphone 12 red camera 2",
        "image": "Product_Image/Iphone/iphone-12-red-camera-2/red_camera2.jpeg",
        "placeholder": "default_placeholder.jpg",
        "primary": false
    }
},
{
    "model": "products.productimages",
    "pk": 22,
    "fields": {
        "image_summary": "Iphone 12 white main",
        "image": "Product_Image/Iphone/iphone-12-white-main/white_main.jpeg",
        "placeholder": "default_placeholder.jpg",
        "primary": true
    }
},
{
    "model": "products.productimages",
    "pk": 23,
    "fields": {
        "image_summary": "Iphone 12 white front",
        "image": "Product_Image/Iphone/iphone-12-white-front/white_front.jpeg",
        "placeholder": "default_placeholder.jpg",
        "primary": false
    }
},
{
    "model": "products.productimages",
    "pk": 24,
    "fields": {
        "image_summary": "Iphone 12 white camera",
        "image": "Product_Image/Iphone/iphone-12-white-camera/white_camera.jpeg",
        "placeholder": "default_placeholder.jpg",
        "primary": false
    }
},
{
    "model": "products.productimages",
    "pk": 25,
    "fields": {
        "image_summary": "Iphone 12 white camera 2",
        "image": "Product_Image/Iphone/iphone-12-white-camera-2/white_camera2.jpeg",
        "placeholder": "default_placeholder.jpg",
        "primary": false
    }
},
{
    "model": "products.productimages",
    "pk": 26,
    "fields": {
        "image_summary": "HP 15s main",
        "image": "Product_Image/HP/hp-15s-main/main.jpeg",
        "placeholder": "default_placeholder.jpg",
        "primary": true
    }
},
{
    "model": "products.productimages",
    "pk": 27,
    "fields": {
        "image_summary": "HP 15s side",
        "image": "Product_Image/HP/hp-15s-side/side.jpeg",
        "placeholder": "default_placeholder.jpg",
        "primary": false
    }
},
{
    "model": "products.productimages",
    "pk": 28,
    "fields": {
        "image_summary": "HP 15s back",
        "image": "Product_Image/HP/hp-15s-back/back.jpeg",
        "placeholder": "default_placeholder.jpg",
        "primary": false
    }
},
{
    "model": "products.productimages",
    "pk": 29,
    "fields": {
        "image_summary": "HP 15s closed",
        "image": "Product_Image/HP/hp-15s-closed/closed.jpeg",
        "placeholder": "default_placeholder.jpg",
        "primary": false
    }
},
{
    "model": "products.productimages",
    "pk": 30,
    "fields": {
        "image_summary": "Lenovo ThinkPad E14 main",
        "image": "Product_Image/Lenovo/lenovo-thinkpad-e14-main/main.jpeg",
        "placeholder": "default_placeholder.jpg",
        "primary": true
    }
},
{
    "model": "products.productimages",
    "pk": 31,
    "fields": {
        "image_summary": "Lenovo ThinkPad E14 touchID",
        "image": "Product_Image/Lenovo/lenovo-thinkpad-e14-touchid/touch_id.jpeg",
        "placeholder": "default_placeholder.jpg",
        "primary": false
    }
},
{
    "model": "products.productimages",
    "pk": 32,
    "fields": {
        "image_summary": "Lenovo ThinkPad E14 feature_one",
        "image": "Product_Image/Lenovo/lenovo-thinkpad-e14-feature_one/features_one.jpeg",
        "placeholder": "default_placeholder.jpg",
        "primary": false
    }
},
{
    "model": "products.productimages",
    "pk": 33,
    "fields": {
        "image_summary": "Lenovo ThinkPad E14 feature_two",
        "image": "Product_Image/Lenovo/lenovo-thinkpad-e14-feature_two/features_two.jpeg",
        "placeholder": "default_placeholder.jpg",
        "primary": false
    }
},
{
    "model": "products.productimages",
    "pk": 34,
    "fields": {
        "image_summary": "Lenovo ThinkPad E14 feature_three",
        "image": "Product_Image/Lenovo/lenovo-thinkpad-e14-feature_three/features_three.jpeg",
        "placeholder": "default_placeholder.jpg",
        "primary": false
    }
},
{
    "model": "products.productimages",
    "pk": 35,
    "fields": {
        "image_summary": "SAMSUNG The Frame main",
        "image": "Product_Image/SAMSUNG/samsung-the-frame-main/main.jpeg",
        "placeholder": "default_placeholder.jpg",
        "primary": true
    }
},
{
    "model": "products.productimages",
    "pk": 36,
    "fields": {
        "image_summary": "SAMSUNG The Frame edge",
        "image": "Product_Image/SAMSUNG/samsung-the-frame-edge/edge.jpeg",
        "placeholder": "default_placeholder.jpg",
        "primary": false
    }
},
{
    "model": "products.productimages",
    "pk": 38,
    "fields": {
        "image_summary": "SAMSUNG The Frame feature_one",
        "image": "Product_Image/SAMSUNG/samsung-the-frame-feature_one/feature_one.jpeg",
        "placeholder": "default_placeholder.jpg",
        "primary": false
    }
},
{
    "model": "products.productimages",
    "pk": 39,
    "fields": {
        "image_summary": "SAMSUNG The Frame feature_two",
        "image": "Product_Image/SAMSUNG/samsung-the-frame-feature_two/feature_two.jpeg",
        "placeholder": "default_placeholder.jpg",
        "primary": false
    }
},
{
    "model": "products.productimages",
    "pk": 40,
    "fields": {
        "image_summary": "SAMSUNG The Frame front",
        "image": "Product_Image/SAMSUNG/samsung-the-frame-front/front.jpeg",
        "placeholder": "default_placeholder.jpg",
        "primary": false
    }
},
{
    "model": "products.productimages",
    "pk": 41,
    "fields": {
        "image_summary": "SAMSUNG The Frame back",
        "image": "Product_Image/SAMSUNG/samsung-the-frame-back/back.jpeg",
        "placeholder": "default_placeholder.jpg",
        "primary": false
    }
},
{
    "model": "products.productimages",
    "pk": 42,
    "fields": {
        "image_summary": "SAMSUNG The Frame remote",
        "image": "Product_Image/SAMSUNG/samsung-the-frame-remote/remote.jpeg",
        "placeholder": "default_placeholder.jpg",
        "primary": false
    }
},
{
    "model": "products.productimages",
    "pk": 43,
    "fields": {
        "image_summary": "SAMSUNG The Frame side",
        "image": "Product_Image/SAMSUNG/samsung-the-frame-side/side.jpeg",
        "placeholder": "default_placeholder.jpg",
        "primary": false
    }
},
{
    "model": "products.productimages",
    "pk": 44,
    "fields": {
        "image_summary": "Bose 500 Silver main",
        "image": "Product_Image/Bose/bose-500-silver-main/main.jpeg",
        "placeholder": "default_placeholder.jpg",
        "primary": true
    }
},
{
    "model": "products.productimages",
    "pk": 45,
    "fields": {
        "image_summary": "Bose 500 Silver feature one",
        "image": "Product_Image/Bose/bose-500-silver-feature-one/feature_one.jpeg",
        "placeholder": "default_placeholder.jpg",
        "primary": false
    }
},
{
    "model": "products.productimages",
    "pk": 46,
    "fields": {
        "image_summary": "Bose 500 Silver feature two",
        "image": "Product_Image/Bose/bose-500-silver-feature-two/feature_two.jpeg",
        "placeholder": "default_placeholder.jpg",
        "primary": false
    }
},
{
    "model": "products.productimages",
    "pk": 47,
    "fields": {
        "image_summary": "Bose 500 Silver detail",
        "image": "Product_Image/Bose/bose-500-silver-detail/detail.jpeg",
        "placeholder": "default_placeholder.jpg",
        "primary": false
    }
},
{
    "model": "products.productimages",
    "pk": 48,
    "fields": {
        "image_summary": "Bose 500 Silver top",
        "image": "Product_Image/Bose/bose-500-silver-top/top_two.jpeg",
        "placeholder": "default_placeholder.jpg",
        "primary": false
    }
},
{
    "model": "products.productimages",
    "pk": 49,
    "fields": {
        "image_summary": "Bose 500 Silver top one",
        "image": "Product_Image/Bose/bose-500-silver-top-one/top.jpeg",
        "placeholder": "default_placeholder.jpg",
        "primary": false
    }
},
{
    "model": "products.productimages",
    "pk": 50,
    "fields": {
        "image_summary": "Bose 500 Black main",
        "image": "Product_Image/Bose/bose-500-black-main/main.jpeg",
        "placeholder": "default_placeholder.jpg",
        "primary": true
    }
},
{
    "model": "products.productimages",
    "pk": 51,
    "fields": {
        "image_summary": "Bose 500 Black side",
        "image": "Product_Image/Bose/bose-500-black-side/side.jpeg",
        "placeholder": "default_placeholder.jpg",
        "primary": false
    }
},
{
    "model": "products.productimages",
    "pk": 52,
    "fields": {
        "image_summary": "Bose 500 Black feature one",
        "image": "Product_Image/Bose/bose-500-black-feature-one/feature_one.jpeg",
        "placeholder": "default_placeholder.jpg",
        "primary": false
    }
},
{
    "model": "products.productimages",
    "pk": 53,
    "fields": {
        "image_summary": "Bose 500 Black top",
        "image": "Product_Image/Bose/bose-500-black-top/top_one.jpeg",
        "placeholder": "default_placeholder.jpg",
        "primary": false
    }
},
{
    "model": "products.productimages",
    "pk": 54,
    "fields": {
        "image_summary": "BOSCH 8 kg INVERTER TOUCH CONTROL main",
        "image": "Product_Image/BOSCH/bosch-8-kg-inverter-touch-control-main/main.jpeg",
        "placeholder": "default_placeholder.jpg",
        "primary": true
    }
},
{
    "model": "products.productimages",
    "pk": 55,
    "fields": {
        "image_summary": "BOSCH 8 kg INVERTER TOUCH CONTROL secondary",
        "image": "Product_Image/BOSCH/bosch-8-kg-inverter-touch-control-secondary/secondary.jpeg",
        "placeholder": "default_placeholder.jpg",
        "primary": false
    }
},
{
    "model": "products.productimages",
    "pk": 56,
    "fields": {
        "image_summary": "BOSCH 8 kg INVERTER TOUCH CONTROL features",
        "image": "Product_Image/BOSCH/bosch-8-kg-inverter-touch-control-features/features.jpeg",
        "placeholder": "default_placeholder.jpg",
        "primary": false
    }
},
{
    "model": "products.productimages",
    "pk": 57,
    "fields": {
        "image_summary": "BOSCH 8 kg INVERTER TOUCH CONTROL inside",
        "image": "Product_Image/BOSCH/bosch-8-kg-inverter-touch-control-inside/inside.jpeg",
        "placeholder": "default_placeholder.jpg",
        "primary": false
    }
},
{
    "model": "products.productimages",
    "pk": 58,
    "fields": {
        "image_summary": "BOSCH 8 kg INVERTER TOUCH CONTROL back",
        "image": "Product_Image/BOSCH/bosch-8-kg-inverter-touch-control-back/back.jpeg",
        "placeholder": "default_placeholder.jpg",
        "primary": false
    }
},
{
    "model": "products.productimages",
    "pk": 59,
    "fields": {
        "image_summary": "BOSCH 8 kg INVERTER TOUCH CONTROL size",
        "image": "Product_Image/BOSCH/bosch-8-kg-inverter-touch-control-size/size.jpeg",
        "placeholder": "default_placeholder.jpg",
        "primary": false
    }
},
{
    "model": "products.productimages",
    "pk": 60,
    "fields": {
        "image_summary": "SAMSUNG Star Split Inverter AC main",
        "image": "Product_Image/SAMSUNG/samsung-star-split-inverter-ac-main/main.jpeg",
        "placeholder": "default_placeholder.jpg",
        "primary": true
    }
},
{
    "model": "products.productimages",
    "pk": 61,
    "fields": {
        "image_summary": "SAMSUNG Star Split Inverter AC open",
        "image": "Product_Image/SAMSUNG/samsung-star-split-inverter-ac-open/main_open.jpeg",
        "placeholder": "default_placeholder.jpg",
        "primary": false
    }
},
{
    "model": "products.productimages",
    "pk": 62,
    "fields": {
        "image_summary": "SAMSUNG Star Split Inverter AC side",
        "image": "Product_Image/SAMSUNG/samsung-star-split-inverter-ac-side/side_one.jpeg",
        "placeholder": "default_placeholder.jpg",
        "primary": false
    }
},
{
    "model": "products.productimages",
    "pk": 63,
    "fields": {
        "image_summary": "SAMSUNG Star Split Inverter AC side open",
        "image": "Product_Image/SAMSUNG/samsung-star-split-inverter-ac-side-open/side_open.jpeg",
        "placeholder": "default_placeholder.jpg",
        "primary": false
    }
},
{
    "model": "products.productimages",
    "pk": 64,
    "fields": {
        "image_summary": "SAMSUNG Star Split Inverter AC back",
        "image": "Product_Image/SAMSUNG/samsung-star-split-inverter-ac-back/back.jpeg",
        "placeholder": "default_placeholder.jpg",
        "primary": false
    }
},
{
    "model": "products.productimages",
    "pk": 77,
    "fields": {
        "image_summary": "ASIAN PAINTS TE-3 white main",
        "image": "Product_Image/ASIAN/asian-paints-te-3-white-main/main.jpeg",
        "placeholder": "default_placeholder.jpg",
        "primary": true
    }
},
{
    "model": "products.productimages",
    "pk": 78,
    "fields": {
        "image_summary": "Auric Mens Energy  main",
        "image": "Product_Image/Auric/auric-mens-energy-main/main.jpeg",
        "placeholder": "default_placeholder.jpg",
        "primary": true
    }
},
{
    "model": "products.productimages",
    "pk": 79,
    "fields": {
        "image_summary": "Auric Mens Energy back",
        "image": "Product_Image/Auric/auric-mens-energy-back/back.jpeg",
        "placeholder": "default_placeholder.jpg",
        "primary": false
    }
},
{
    "model": "products.productimages",
    "pk": 80,
    "fields": {
        "image_summary": "Auric Mens Energy secondary",
        "image": "Product_Image/Auric/auric-mens-energy-secondary/secondary.jpeg",
        "placeholder": "default_placeholder.jpg",
        "primary": false
    }
},
{
    "model": "products.productimages",
    "pk": 81,
    "fields": {
        "image_summary": "Auric Mens Energy detail",
        "image": "Product_Image/Auric/auric-mens-energy-detail/detail.jpeg",
        "placeholder": "default_placeholder.jpg",
        "primary": false
    }
},
{
    "model": "products.productimages",
    "pk": 82,
    "fields": {
        "image_summary": "Auric Mens Energy detail_one",
        "image": "Product_Image/Auric/auric-mens-energy-detail_one/detail_one.jpeg",
        "placeholder": "default_placeholder.jpg",
        "primary": false
    }
},
{
    "model": "products.productimages",
    "pk": 83,
    "fields": {
        "image_summary": "Javascript the definative guide",
        "image": "Product_Image/Javascript/javascript-the-definative-guide/main.jpg",
        "placeholder": "default_placeholder.jpg",
        "primary": true
    }
},
{
    "model": "products.productimages",
    "pk": 84,
    "fields": {
        "image_summary": "LG 215 L Direct Cool Single Door Purple Glow main",
        "image": "Product_Image/LG/lg-215-l-direct-cool-single-door-purple-glow-main/main.jpeg",
        "placeholder": "default_placeholder.jpg",
        "primary": true
    }
},
{
    "model": "products.productimages",
    "pk": 85,
    "fields": {
        "image_summary": "LG 215 L Direct Cool Single Door Purple Glow back",
        "image": "Product_Image/LG/lg-215-l-direct-cool-single-door-purple-glow-back/back.jpeg",
        "placeholder": "default_placeholder.jpg",
        "primary": false
    }
},
{
    "model": "products.productimages",
    "pk": 86,
    "fields": {
        "image_summary": "LG 215 L Direct Cool Single Door Purple Glow details",
        "image": "Product_Image/LG/lg-215-l-direct-cool-single-door-purple-glow-details/details.jpeg",
        "placeholder": "default_placeholder.jpg",
        "primary": false
    }
},
{
    "model": "products.productimages",
    "pk": 87,
    "fields": {
        "image_summary": "LG 215 L Direct Cool Single Door Purple Glow opened",
        "image": "Product_Image/LG/lg-215-l-direct-cool-single-door-purple-glow-opened/opened.jpeg",
        "placeholder": "default_placeholder.jpg",
        "primary": false
    }
},
{
    "model": "products.productimages",
    "pk": 88,
    "fields": {
        "image_summary": "LG 215 L Direct Cool Single Door Purple Glow feature one",
        "image": "Product_Image/LG/lg-215-l-direct-cool-single-door-purple-glow-feature-one/features_one.jpeg",
        "placeholder": "default_placeholder.jpg",
        "primary": false
    }
},
{
    "model": "products.productimages",
    "pk": 89,
    "fields": {
        "image_summary": "LG 215 L Direct Cool Single Door Purple Glow feature two",
        "image": "Product_Image/LG/lg-215-l-direct-cool-single-door-purple-glow-feature-two/features_two.jpeg",
        "placeholder": "default_placeholder.jpg",
        "primary": false
    }
},
{
    "model": "products.productimages",
    "pk": 90,
    "fields": {
        "image_summary": "LG 215 L Direct Cool Single Door Purple Glow feature three",
        "image": "Product_Image/LG/lg-215-l-direct-cool-single-door-purple-glow-feature-three/features_three.jpeg",
        "placeholder": "default_placeholder.jpg",
        "primary": false
    }
},
{
    "model": "products.productimages",
    "pk": 91,
    "fields": {
        "image_summary": "LG 215 L Direct Cool Single Door Blue Charm main",
        "image": "Product_Image/LG/lg-215-l-direct-cool-single-door-blue-charm-main/main.jpeg",
        "placeholder": "default_placeholder.jpg",
        "primary": true
    }
},
{
    "model": "products.productimages",
    "pk": 92,
    "fields": {
        "image_summary": "LG 215 L Direct Cool Single Door Blue back",
        "image": "Product_Image/LG/lg-215-l-direct-cool-single-door-blue-back/back.jpeg",
        "placeholder": "default_placeholder.jpg",
        "primary": false
    }
},
{
    "model": "products.productimages",
    "pk": 93,
    "fields": {
        "image_summary": "LG 215 L Direct Cool Single Door Blue opened",
        "image": "Product_Image/LG/lg-215-l-direct-cool-single-door-blue-opened/opened.jpeg",
        "placeholder": "default_placeholder.jpg",
        "primary": false
    }
},
{
    "model": "products.productimages",
    "pk": 94,
    "fields": {
        "image_summary": "LG 215 L Direct Cool Single Door Blue bottom",
        "image": "Product_Image/LG/lg-215-l-direct-cool-single-door-blue-bottom/section_bottom.jpeg",
        "placeholder": "default_placeholder.jpg",
        "primary": false
    }
},
{
    "model": "products.productimages",
    "pk": 95,
    "fields": {
        "image_summary": "LG 215 L Direct Cool Single Door Blue top",
        "image": "Product_Image/LG/lg-215-l-direct-cool-single-door-blue-top/section_top.jpeg",
        "placeholder": "default_placeholder.jpg",
        "primary": false
    }
},
{
    "model": "products.productimages",
    "pk": 96,
    "fields": {
        "image_summary": "Samsung Galaxy S20 FE 5G_main",
        "image": "Product_Image/main/main/main.jpeg",
        "placeholder": "default_placeholder.jpg",
        "primary": true
    }
},
{
    "model": "products.productimages",
    "pk": 97,
    "fields": {
        "image_summary": "Samsung Galaxy S20 FE 5G battery",
        "image": "Product_Image/Samsung/samsung-galaxy-s20-fe-5g-battery/battery.jpg",
        "placeholder": "default_placeholder.jpg",
        "primary": false
    }
},
{
    "model": "products.productimages",
    "pk": 98,
    "fields": {
        "image_summary": "Samsung Galaxy S20 FE 5G colors",
        "image": "Product_Image/Samsung/samsung-galaxy-s20-fe-5g-colors/colors.jpg",
        "placeholder": "default_placeholder.jpg",
        "primary": false
    }
},
{
    "model": "products.productimages",
    "pk": 99,
    "fields": {
        "image_summary": "Samsung Galaxy S20 FE 5G info",
        "image": "Product_Image/info/info/info_black.jpg",
        "placeholder": "default_placeholder.jpg",
        "primary": false
    }
},
{
    "model": "products.productimages",
    "pk": 100,
    "fields": {
        "image_summary": "Samsung Galaxy S20 FE 5G isp",
        "image": "Product_Image/Samsung/samsung-galaxy-s20-fe-5g-isp/water_pr.jpg",
        "placeholder": "default_placeholder.jpg",
        "primary": false
    }
},
{
    "model": "products.productimages",
    "pk": 101,
    "fields": {
        "image_summary": "SHAFIRE Main",
        "image": "Product_Image/SHAFIRE/shafire-main/main.jpg",
        "placeholder": "default_placeholder.jpg",
        "primary": true
    }
},
{
    "model": "products.productimages",
    "pk": 102,
    "fields": {
        "image_summary": "SHAFIRE secondary",
        "image": "Product_Image/SHAFIRE/shafire-secondary/secondary.jpg",
        "placeholder": "default_placeholder.jpg",
        "primary": false
    }
},
{
    "model": "products.productimages",
    "pk": 103,
    "fields": {
        "image_summary": "SHAFIRE color",
        "image": "Product_Image/SHAFIRE/shafire-color/colors.jpg",
        "placeholder": "default_placeholder.jpg",
        "primary": false
    }
},
{
    "model": "products.productimages",
    "pk": 104,
    "fields": {
        "image_summary": "Steelbird Full Finger Bike Riding Gloves main",
        "image": "Product_Image/Steelbird/steelbird-full-finger-bike-riding-gloves-main/main.jpg",
        "placeholder": "default_placeholder.jpg",
        "primary": true
    }
},
{
    "model": "products.productimages",
    "pk": 105,
    "fields": {
        "image_summary": "Steelbird Full Finger Bike Riding Gloves secondary",
        "image": "Product_Image/Steelbird/steelbird-full-finger-bike-riding-gloves-secondary/secondary.jpg",
        "placeholder": "default_placeholder.jpg",
        "primary": false
    }
},
{
    "model": "products.productimages",
    "pk": 106,
    "fields": {
        "image_summary": "Steelbird Full Finger Bike Riding Gloves sizes",
        "image": "Product_Image/Steelbird/steelbird-full-finger-bike-riding-gloves-sizes/sizes.jpg",
        "placeholder": "default_placeholder.jpg",
        "primary": false
    }
},
{
    "model": "products.productimages",
    "pk": 107,
    "fields": {
        "image_summary": "Steelbird Full Finger Bike Riding Gloves features",
        "image": "Product_Image/Steelbird/steelbird-full-finger-bike-riding-gloves-features/features.jpg",
        "placeholder": "default_placeholder.jpg",
        "primary": false
    }
},
{
    "model": "products.productimages",
    "pk": 108,
    "fields": {
        "image_summary": "Rangwell Heavy Duty Bike Brake Lock main",
        "image": "Product_Image/Rangwell/rangwell-heavy-duty-bike-brake-lock-main/main.jpg",
        "placeholder": "default_placeholder.jpg",
        "primary": true
    }
},
{
    "model": "products.productimages",
    "pk": 109,
    "fields": {
        "image_summary": "Rangwell Heavy Duty Bike Brake Lock colors",
        "image": "Product_Image/Rangwell/rangwell-heavy-duty-bike-brake-lock-colors/color.jpg",
        "placeholder": "default_placeholder.jpg",
        "primary": false
    }
},
{
    "model": "products.productimages",
    "pk": 110,
    "fields": {
        "image_summary": "Rangwell Heavy Duty Bike Brake Lock sec",
        "image": "Product_Image/Rangwell/rangwell-heavy-duty-bike-brake-lock-sec/opened.jpg",
        "placeholder": "default_placeholder.jpg",
        "primary": false
    }
},
{
    "model": "products.productimages",
    "pk": 111,
    "fields": {
        "image_summary": "Rangwell Heavy Duty Bike Brake Lock size",
        "image": "Product_Image/Rangwell/rangwell-heavy-duty-bike-brake-lock-size/size.jpg",
        "placeholder": "default_placeholder.jpg",
        "primary": false
    }
},
{
    "model": "products.productimages",
    "pk": 112,
    "fields": {
        "image_summary": "Plantex Stainless Steel Wall Mount main",
        "image": "Product_Image/Plantex/plantex-stainless-steel-wall-mount-main/main.jpg",
        "placeholder": "default_placeholder.jpg",
        "primary": true
    }
},
{
    "model": "products.productimages",
    "pk": 113,
    "fields": {
        "image_summary": "Plantex Stainless Steel Wall Mount sec",
        "image": "Product_Image/Plantex/plantex-stainless-steel-wall-mount-sec/features.jpg",
        "placeholder": "default_placeholder.jpg",
        "primary": false
    }
},
{
    "model": "products.productimages",
    "pk": 114,
    "fields": {
        "image_summary": "Plantex Stainless Steel Wall Mount  size",
        "image": "Product_Image/Plantex/plantex-stainless-steel-wall-mount-size/size.jpg",
        "placeholder": "default_placeholder.jpg",
        "primary": false
    }
},
{
    "model": "products.productimages",
    "pk": 115,
    "fields": {
        "image_summary": "Minute Maid Pulpy Orange main",
        "image": "Product_Image/Minute/minute-maid-pulpy-orange-main/main.jpg",
        "placeholder": "default_placeholder.jpg",
        "primary": true
    }
},
{
    "model": "products.productimages",
    "pk": 116,
    "fields": {
        "image_summary": "Minute Maid Pulpy Orange nutrition",
        "image": "Product_Image/Minute/minute-maid-pulpy-orange-nutrition/nutrition_facts.jpg",
        "placeholder": "default_placeholder.jpg",
        "primary": false
    }
},
{
    "model": "products.productimages",
    "pk": 117,
    "fields": {
        "image_summary": "Minute Maid Pulpy Orange ingrediants",
        "image": "Product_Image/Minute/minute-maid-pulpy-orange-ingrediants/ingrediants.jpg",
        "placeholder": "default_placeholder.jpg",
        "primary": false
    }
},
{
    "model": "products.productimages",
    "pk": 118,
    "fields": {
        "image_summary": "Cadbury Silk Potli Gift main",
        "image": "Product_Image/Cadbury/cadbury-silk-potli-gift-main/main.jpg",
        "placeholder": "default_placeholder.jpg",
        "primary": true
    }
},
{
    "model": "products.productimages",
    "pk": 119,
    "fields": {
        "image_summary": "Cadbury Silk Potli Gift sec",
        "image": "Product_Image/Cadbury/cadbury-silk-potli-gift-sec/sec.jpg",
        "placeholder": "default_placeholder.jpg",
        "primary": false
    }
},
{
    "model": "products.productimages",
    "pk": 120,
    "fields": {
        "image_summary": "Cadbury Silk Potli Gift sec2",
        "image": "Product_Image/Cadbury/cadbury-silk-potli-gift-sec2/sec2.jpg",
        "placeholder": "default_placeholder.jpg",
        "primary": false
    }
},
{
    "model": "products.productimages",
    "pk": 121,
    "fields": {
        "image_summary": "Cadbury Silk Potli Gift  nut1",
        "image": "Product_Image/Cadbury/cadbury-silk-potli-gift-nut1/nutrition1.jpg",
        "placeholder": "default_placeholder.jpg",
        "primary": false
    }
},
{
    "model": "products.productimages",
    "pk": 122,
    "fields": {
        "image_summary": "Cadbury Silk Potli Gift  nut2",
        "image": "Product_Image/Cadbury/cadbury-silk-potli-gift-nut2/nutrition2.jpg",
        "placeholder": "default_placeholder.jpg",
        "primary": false
    }
},
{
    "model": "products.productimages",
    "pk": 123,
    "fields": {
        "image_summary": "Tropicana Orange Delight main",
        "image": "Product_Image/Tropicana/tropicana-orange-delight-main/main.jpg",
        "placeholder": "default_placeholder.jpg",
        "primary": true
    }
},
{
    "model": "products.productimages",
    "pk": 124,
    "fields": {
        "image_summary": "Tropicana Orange Delight sec",
        "image": "Product_Image/Tropicana/tropicana-orange-delight-sec/secondary.jpg",
        "placeholder": "default_placeholder.jpg",
        "primary": false
    }
},
{
    "model": "products.productimages",
    "pk": 125,
    "fields": {
        "image_summary": "Tropicana Orange Delight nutrition",
        "image": "Product_Image/Tropicana/tropicana-orange-delight-nutrition/nutrition.jpeg",
        "placeholder": "default_placeholder.jpg",
        "primary": false
    }
},
{
    "model": "products.productimages",
    "pk": 126,
    "fields": {
        "image_summary": "Tropicana Orange Delight ingrediants",
        "image": "Product_Image/Tropicana/tropicana-orange-delight-ingrediants/ingrediant.jpg",
        "placeholder": "default_placeholder.jpg",
        "primary": false
    }
},
{
    "model": "products.productimages",
    "pk": 127,
    "fields": {
        "image_summary": "Tropicana Litchi Delight Fruit Juice main",
        "image": "Product_Image/Tropicana/tropicana-litchi-delight-fruit-juice/main_1.jpg",
        "placeholder": "default_placeholder.jpg",
        "primary": true
    }
},
{
    "model": "products.productimages",
    "pk": 128,
    "fields": {
        "image_summary": "Tropicana Litchi Delight Fruit Juice sec",
        "image": "Product_Image/Tropicana/tropicana-litchi-delight-fruit-juice-sec/secondary_2.jpg",
        "placeholder": "default_placeholder.jpg",
        "primary": false
    }
},
{
    "model": "products.productimages",
    "pk": 129,
    "fields": {
        "image_summary": "efffective typescript main",
        "image": "Product_Image/efffective/efffective-typescript-main/main.jpg",
        "placeholder": "default_placeholder.jpg",
        "primary": true
    }
},
{
    "model": "products.productimages",
    "pk": 130,
    "fields": {
        "image_summary": "Django 3 by example main",
        "image": "Product_Image/Django/django-3-by-example-main/51hUJQm8byL._SX404_BO1204203200_.jpg",
        "placeholder": "default_placeholder.jpg",
        "primary": true
    }
},
{
    "model": "products.productimages",
    "pk": 131,
    "fields": {
        "image_summary": "react book main",
        "image": "Product_Image/react/react-book-main/main.jpg",
        "placeholder": "default_placeholder.jpg",
        "primary": true
    }
},
{
    "model": "admin.logentry",
    "pk": 1,
    "fields": {
        "action_time": "2021-12-26T09:16:21.044Z",
        "user": [
            "admin"
        ],
        "content_type": [
            "products",
            "productmobilefeatures"
        ],
        "object_id": "3",
        "object_repr": "Samsung Galaxy S, 6.5 inches, 1080 x 2400 (FHD+) Resolution., Android 11, 12 GB, Dual Sim",
        "action_flag": 1,
        "change_message": "[{\"added\": {}}]"
    }
},
{
    "model": "admin.logentry",
    "pk": 2,
    "fields": {
        "action_time": "2021-12-26T09:17:03.403Z",
        "user": [
            "admin"
        ],
        "content_type": [
            "products",
            "productspecification"
        ],
        "object_id": "17",
        "object_repr": "Samsung Galaxy S20 FE 5G",
        "action_flag": 1,
        "change_message": "[{\"added\": {}}]"
    }
},
{
    "model": "admin.logentry",
    "pk": 3,
    "fields": {
        "action_time": "2021-12-26T09:17:08.306Z",
        "user": [
            "admin"
        ],
        "content_type": [
            "products",
            "product"
        ],
        "object_id": "13",
        "object_repr": "Samsung Galaxy S20 FE 5G",
        "action_flag": 1,
        "change_message": "[{\"added\": {}}]"
    }
},
{
    "model": "admin.logentry",
    "pk": 4,
    "fields": {
        "action_time": "2021-12-26T09:18:39.344Z",
        "user": [
            "admin"
        ],
        "content_type": [
            "products",
            "productcolor"
        ],
        "object_id": "18",
        "object_repr": "Cloud Navy",
        "action_flag": 1,
        "change_message": "[{\"added\": {}}]"
    }
},
{
    "model": "admin.logentry",
    "pk": 5,
    "fields": {
        "action_time": "2021-12-26T09:19:23.726Z",
        "user": [
            "admin"
        ],
        "content_type": [
            "products",
            "productvariation"
        ],
        "object_id": "32",
        "object_repr": "Samsung Galaxy S20 FE 5G (Cloud Navy, 12GB/256GB)",
        "action_flag": 1,
        "change_message": "[{\"added\": {}}]"
    }
},
{
    "model": "admin.logentry",
    "pk": 6,
    "fields": {
        "action_time": "2021-12-26T09:24:12.802Z",
        "user": [
            "admin"
        ],
        "content_type": [
            "products",
            "productimages"
        ],
        "object_id": "96",
        "object_repr": "main",
        "action_flag": 1,
        "change_message": "[{\"added\": {}}]"
    }
},
{
    "model": "admin.logentry",
    "pk": 7,
    "fields": {
        "action_time": "2021-12-26T09:24:45.591Z",
        "user": [
            "admin"
        ],
        "content_type": [
            "products",
            "productimages"
        ],
        "object_id": "96",
        "object_repr": "Samsung Galaxy S20 FE 5G_main",
        "action_flag": 2,
        "change_message": "[{\"changed\": {\"fields\": [\"Image summary\"]}}]"
    }
},
{
    "model": "admin.logentry",
    "pk": 8,
    "fields": {
        "action_time": "2021-12-26T09:25:01.417Z",
        "user": [
            "admin"
        ],
        "content_type": [
            "products",
            "productimages"
        ],
        "object_id": "97",
        "object_repr": "Samsung Galaxy S20 FE 5G battery",
        "action_flag": 1,
        "change_message": "[{\"added\": {}}]"
    }
},
{
    "model": "admin.logentry",
    "pk": 9,
    "fields": {
        "action_time": "2021-12-26T09:25:13.923Z",
        "user": [
            "admin"
        ],
        "content_type": [
            "products",
            "productimages"
        ],
        "object_id": "98",
        "object_repr": "Samsung Galaxy S20 FE 5G colors",
        "action_flag": 1,
        "change_message": "[{\"added\": {}}]"
    }
},
{
    "model": "admin.logentry",
    "pk": 10,
    "fields": {
        "action_time": "2021-12-26T09:25:27.496Z",
        "user": [
            "admin"
        ],
        "content_type": [
            "products",
            "productimages"
        ],
        "object_id": "99",
        "object_repr": "info",
        "action_flag": 1,
        "change_message": "[{\"added\": {}}]"
    }
},
{
    "model": "admin.logentry",
    "pk": 11,
    "fields": {
        "action_time": "2021-12-26T09:25:42.592Z",
        "user": [
            "admin"
        ],
        "content_type": [
            "products",
            "productimages"
        ],
        "object_id": "100",
        "object_repr": "Samsung Galaxy S20 FE 5G isp",
        "action_flag": 1,
        "change_message": "[{\"added\": {}}]"
    }
},
{
    "model": "admin.logentry",
    "pk": 12,
    "fields": {
        "action_time": "2021-12-26T09:28:42.136Z",
        "user": [
            "admin"
        ],
        "content_type": [
            "products",
            "productimages"
        ],
        "object_id": "99",
        "object_repr": "Samsung Galaxy S20 FE 5G info",
        "action_flag": 2,
        "change_message": "[{\"changed\": {\"fields\": [\"Image summary\"]}}]"
    }
},
{
    "model": "admin.logentry",
    "pk": 13,
    "fields": {
        "action_time": "2021-12-26T09:28:55.304Z",
        "user": [
            "admin"
        ],
        "content_type": [
            "products",
            "productvariation"
        ],
        "object_id": "32",
        "object_repr": "Samsung Galaxy S20 FE 5G (Cloud Navy, 12GB/256GB)",
        "action_flag": 2,
        "change_message": "[{\"changed\": {\"fields\": [\"Images\"]}}]"
    }
},
{
    "model": "admin.logentry",
    "pk": 14,
    "fields": {
        "action_time": "2021-12-26T09:34:32.987Z",
        "user": [
            "admin"
        ],
        "content_type": [
            "core",
            "brand"
        ],
        "object_id": "20",
        "object_repr": "SHAFIRE",
        "action_flag": 1,
        "change_message": "[{\"added\": {}}]"
    }
},
{
    "model": "admin.logentry",
    "pk": 15,
    "fields": {
        "action_time": "2021-12-26T09:37:47.322Z",
        "user": [
            "admin"
        ],
        "content_type": [
            "products",
            "productspecification"
        ],
        "object_id": "18",
        "object_repr": "SHAFIRE Multifunction Car Sun Visor Organizer",
        "action_flag": 1,
        "change_message": "[{\"added\": {}}]"
    }
},
{
    "model": "admin.logentry",
    "pk": 16,
    "fields": {
        "action_time": "2021-12-26T09:37:52.059Z",
        "user": [
            "admin"
        ],
        "content_type": [
            "products",
            "product"
        ],
        "object_id": "14",
        "object_repr": "SHAFIRE Multifunction Car Sun Visor Organizer,Leather Car Document Holder",
        "action_flag": 1,
        "change_message": "[{\"added\": {}}]"
    }
},
{
    "model": "admin.logentry",
    "pk": 17,
    "fields": {
        "action_time": "2021-12-26T09:38:49.859Z",
        "user": [
            "admin"
        ],
        "content_type": [
            "products",
            "productvariation"
        ],
        "object_id": "33",
        "object_repr": "SHAFIRE Multifunction Car Sun Visor Organizer,Leather Car Document Holder (Brown)",
        "action_flag": 1,
        "change_message": "[{\"added\": {}}]"
    }
},
{
    "model": "admin.logentry",
    "pk": 18,
    "fields": {
        "action_time": "2021-12-26T09:40:52.684Z",
        "user": [
            "admin"
        ],
        "content_type": [
            "products",
            "productimages"
        ],
        "object_id": "101",
        "object_repr": "SHAFIRE Main",
        "action_flag": 1,
        "change_message": "[{\"added\": {}}]"
    }
},
{
    "model": "admin.logentry",
    "pk": 19,
    "fields": {
        "action_time": "2021-12-26T09:41:07.186Z",
        "user": [
            "admin"
        ],
        "content_type": [
            "products",
            "productimages"
        ],
        "object_id": "102",
        "object_repr": "SHAFIRE secondary",
        "action_flag": 1,
        "change_message": "[{\"added\": {}}]"
    }
},
{
    "model": "admin.logentry",
    "pk": 20,
    "fields": {
        "action_time": "2021-12-26T09:41:22.070Z",
        "user": [
            "admin"
        ],
        "content_type": [
            "products",
            "productimages"
        ],
        "object_id": "103",
        "object_repr": "SHAFIRE color",
        "action_flag": 1,
        "change_message": "[{\"added\": {}}]"
    }
},
{
    "model": "admin.logentry",
    "pk": 21,
    "fields": {
        "action_time": "2021-12-26T09:41:39.871Z",
        "user": [
            "admin"
        ],
        "content_type": [
            "products",
            "productvariation"
        ],
        "object_id": "33",
        "object_repr": "SHAFIRE Multifunction Car Sun Visor Organizer,Leather Car Document Holder (Brown)",
        "action_flag": 2,
        "change_message": "[{\"changed\": {\"fields\": [\"Images\"]}}]"
    }
},
{
    "model": "admin.logentry",
    "pk": 22,
    "fields": {
        "action_time": "2021-12-26T09:43:56.624Z",
        "user": [
            "admin"
        ],
        "content_type": [
            "core",
            "brand"
        ],
        "object_id": "21",
        "object_repr": "Steelbird",
        "action_flag": 1,
        "change_message": "[{\"added\": {}}]"
    }
},
{
    "model": "admin.logentry",
    "pk": 23,
    "fields": {
        "action_time": "2021-12-26T09:46:02.065Z",
        "user": [
            "admin"
        ],
        "content_type": [
            "products",
            "productspecification"
        ],
        "object_id": "19",
        "object_repr": "Steelbird Full Finger Bike Riding Gloves with Touch Screen Sensitivity at Thumb",
        "action_flag": 1,
        "change_message": "[{\"added\": {}}]"
    }
},
{
    "model": "admin.logentry",
    "pk": 24,
    "fields": {
        "action_time": "2021-12-26T09:46:04.658Z",
        "user": [
            "admin"
        ],
        "content_type": [
            "products",
            "product"
        ],
        "object_id": "15",
        "object_repr": "Steelbird Full Finger Bike Riding Gloves with Touch Screen Sensitivity at Thumb and Index Finger, Pr",
        "action_flag": 1,
        "change_message": "[{\"added\": {}}]"
    }
},
{
    "model": "admin.logentry",
    "pk": 25,
    "fields": {
        "action_time": "2021-12-26T09:46:52.633Z",
        "user": [
            "admin"
        ],
        "content_type": [
            "products",
            "productvariation"
        ],
        "object_id": "34",
        "object_repr": "Steelbird Full Finger Bike Riding Gloves with Touch Screen Sensitivity at Thumb and Index Finger, Pr (Black, XL)",
        "action_flag": 1,
        "change_message": "[{\"added\": {}}]"
    }
},
{
    "model": "admin.logentry",
    "pk": 26,
    "fields": {
        "action_time": "2021-12-26T09:49:54.028Z",
        "user": [
            "admin"
        ],
        "content_type": [
            "products",
            "productimages"
        ],
        "object_id": "104",
        "object_repr": "Steelbird Full Finger Bike Riding Gloves main",
        "action_flag": 1,
        "change_message": "[{\"added\": {}}]"
    }
},
{
    "model": "admin.logentry",
    "pk": 27,
    "fields": {
        "action_time": "2021-12-26T09:50:07.755Z",
        "user": [
            "admin"
        ],
        "content_type": [
            "products",
            "productimages"
        ],
        "object_id": "105",
        "object_repr": "Steelbird Full Finger Bike Riding Gloves secondary",
        "action_flag": 1,
        "change_message": "[{\"added\": {}}]"
    }
},
{
    "model": "admin.logentry",
    "pk": 28,
    "fields": {
        "action_time": "2021-12-26T09:50:22.088Z",
        "user": [
            "admin"
        ],
        "content_type": [
            "products",
            "productimages"
        ],
        "object_id": "106",
        "object_repr": "Steelbird Full Finger Bike Riding Gloves sizes",
        "action_flag": 1,
        "change_message": "[{\"added\": {}}]"
    }
},
{
    "model": "admin.logentry",
    "pk": 29,
    "fields": {
        "action_time": "2021-12-26T09:50:39.733Z",
        "user": [
            "admin"
        ],
        "content_type": [
            "products",
            "productimages"
        ],
        "object_id": "107",
        "object_repr": "Steelbird Full Finger Bike Riding Gloves features",
        "action_flag": 1,
        "change_message": "[{\"added\": {}}]"
    }
},
{
    "model": "admin.logentry",
    "pk": 30,
    "fields": {
        "action_time": "2021-12-26T09:50:55.539Z",
        "user": [
            "admin"
        ],
        "content_type": [
            "products",
            "productvariation"
        ],
        "object_id": "34",
        "object_repr": "Steelbird Full Finger Bike Riding Gloves with Touch Screen Sensitivity at Thumb and Index Finger, Pr (Black, XL)",
        "action_flag": 2,
        "change_message": "[{\"changed\": {\"fields\": [\"Images\"]}}]"
    }
},
{
    "model": "admin.logentry",
    "pk": 31,
    "fields": {
        "action_time": "2021-12-26T09:52:46.404Z",
        "user": [
            "admin"
        ],
        "content_type": [
            "products",
            "productvariation"
        ],
        "object_id": "27",
        "object_repr": "LG Direct Cool Single Door 4 Star Refrigerator (Blue Charm, 235 L)",
        "action_flag": 2,
        "change_message": "[{\"changed\": {\"fields\": [\"Images\"]}}]"
    }
},
{
    "model": "admin.logentry",
    "pk": 32,
    "fields": {
        "action_time": "2021-12-26T09:56:30.028Z",
        "user": [
            "admin"
        ],
        "content_type": [
            "core",
            "brand"
        ],
        "object_id": "22",
        "object_repr": "Rangwell",
        "action_flag": 1,
        "change_message": "[{\"added\": {}}]"
    }
},
{
    "model": "admin.logentry",
    "pk": 33,
    "fields": {
        "action_time": "2021-12-26T09:58:10.642Z",
        "user": [
            "admin"
        ],
        "content_type": [
            "products",
            "productspecification"
        ],
        "object_id": "20",
        "object_repr": "Rangwell Heavy Duty Bike Brake Lock",
        "action_flag": 1,
        "change_message": "[{\"added\": {}}]"
    }
},
{
    "model": "admin.logentry",
    "pk": 34,
    "fields": {
        "action_time": "2021-12-26T09:58:14.458Z",
        "user": [
            "admin"
        ],
        "content_type": [
            "products",
            "product"
        ],
        "object_id": "16",
        "object_repr": "Rangwell Heavy Duty Bike Brake Lock - Locking System by Holding Handle Bar with Brake Lever",
        "action_flag": 1,
        "change_message": "[{\"added\": {}}]"
    }
},
{
    "model": "admin.logentry",
    "pk": 35,
    "fields": {
        "action_time": "2021-12-26T09:58:55.513Z",
        "user": [
            "admin"
        ],
        "content_type": [
            "products",
            "productvariation"
        ],
        "object_id": "35",
        "object_repr": "Rangwell Heavy Duty Bike Brake Lock - Locking System by Holding Handle Bar with Brake Lever (Yellow)",
        "action_flag": 1,
        "change_message": "[{\"added\": {}}]"
    }
},
{
    "model": "admin.logentry",
    "pk": 36,
    "fields": {
        "action_time": "2021-12-26T10:00:54.859Z",
        "user": [
            "admin"
        ],
        "content_type": [
            "products",
            "productimages"
        ],
        "object_id": "108",
        "object_repr": "Rangwell Heavy Duty Bike Brake Lock main",
        "action_flag": 1,
        "change_message": "[{\"added\": {}}]"
    }
},
{
    "model": "admin.logentry",
    "pk": 37,
    "fields": {
        "action_time": "2021-12-26T10:01:07.400Z",
        "user": [
            "admin"
        ],
        "content_type": [
            "products",
            "productimages"
        ],
        "object_id": "109",
        "object_repr": "Rangwell Heavy Duty Bike Brake Lock colors",
        "action_flag": 1,
        "change_message": "[{\"added\": {}}]"
    }
},
{
    "model": "admin.logentry",
    "pk": 38,
    "fields": {
        "action_time": "2021-12-26T10:01:17.465Z",
        "user": [
            "admin"
        ],
        "content_type": [
            "products",
            "productimages"
        ],
        "object_id": "110",
        "object_repr": "Rangwell Heavy Duty Bike Brake Lock sec",
        "action_flag": 1,
        "change_message": "[{\"added\": {}}]"
    }
},
{
    "model": "admin.logentry",
    "pk": 39,
    "fields": {
        "action_time": "2021-12-26T10:01:29.946Z",
        "user": [
            "admin"
        ],
        "content_type": [
            "products",
            "productimages"
        ],
        "object_id": "111",
        "object_repr": "Rangwell Heavy Duty Bike Brake Lock size",
        "action_flag": 1,
        "change_message": "[{\"added\": {}}]"
    }
},
{
    "model": "admin.logentry",
    "pk": 40,
    "fields": {
        "action_time": "2021-12-26T10:01:44.891Z",
        "user": [
            "admin"
        ],
        "content_type": [
            "products",
            "productvariation"
        ],
        "object_id": "35",
        "object_repr": "Rangwell Heavy Duty Bike Brake Lock - Locking System by Holding Handle Bar with Brake Lever (Yellow)",
        "action_flag": 2,
        "change_message": "[{\"changed\": {\"fields\": [\"Images\"]}}]"
    }
},
{
    "model": "admin.logentry",
    "pk": 41,
    "fields": {
        "action_time": "2021-12-26T10:03:11.282Z",
        "user": [
            "admin"
        ],
        "content_type": [
            "core",
            "brand"
        ],
        "object_id": "23",
        "object_repr": "Plantex",
        "action_flag": 1,
        "change_message": "[{\"added\": {}}]"
    }
},
{
    "model": "admin.logentry",
    "pk": 42,
    "fields": {
        "action_time": "2021-12-26T10:07:38.809Z",
        "user": [
            "admin"
        ],
        "content_type": [
            "products",
            "productspecification"
        ],
        "object_id": "21",
        "object_repr": "Plantex Stainless Steel Wall Mount Shelf 2 Tier Bathroom Shelf/Rack with Towel Holder/Towel Hooks/Ba",
        "action_flag": 1,
        "change_message": "[{\"added\": {}}]"
    }
},
{
    "model": "admin.logentry",
    "pk": 43,
    "fields": {
        "action_time": "2021-12-26T10:07:49.451Z",
        "user": [
            "admin"
        ],
        "content_type": [
            "products",
            "product"
        ],
        "object_id": "17",
        "object_repr": "Plantex Stainless Steel Wall Mount Shelf 2 Tier Bathroom Shelf/Rack",
        "action_flag": 1,
        "change_message": "[{\"added\": {}}]"
    }
},
{
    "model": "admin.logentry",
    "pk": 44,
    "fields": {
        "action_time": "2021-12-26T10:08:28.253Z",
        "user": [
            "admin"
        ],
        "content_type": [
            "products",
            "productvariation"
        ],
        "object_id": "36",
        "object_repr": "Plantex Stainless Steel Wall Mount Shelf 2 Tier Bathroom Shelf/Rack",
        "action_flag": 1,
        "change_message": "[{\"added\": {}}]"
    }
},
{
    "model": "admin.logentry",
    "pk": 45,
    "fields": {
        "action_time": "2021-12-26T10:10:22.955Z",
        "user": [
            "admin"
        ],
        "content_type": [
            "products",
            "productimages"
        ],
        "object_id": "112",
        "object_repr": "Plantex Stainless Steel Wall Mount main",
        "action_flag": 1,
        "change_message": "[{\"added\": {}}]"
    }
},
{
    "model": "admin.logentry",
    "pk": 46,
    "fields": {
        "action_time": "2021-12-26T10:10:41.099Z",
        "user": [
            "admin"
        ],
        "content_type": [
            "products",
            "productimages"
        ],
        "object_id": "113",
        "object_repr": "Plantex Stainless Steel Wall Mount sec",
        "action_flag": 1,
        "change_message": "[{\"added\": {}}]"
    }
},
{
    "model": "admin.logentry",
    "pk": 47,
    "fields": {
        "action_time": "2021-12-26T10:10:51.358Z",
        "user": [
            "admin"
        ],
        "content_type": [
            "products",
            "productimages"
        ],
        "object_id": "114",
        "object_repr": "Plantex Stainless Steel Wall Mount  size",
        "action_flag": 1,
        "change_message": "[{\"added\": {}}]"
    }
},
{
    "model": "admin.logentry",
    "pk": 48,
    "fields": {
        "action_time": "2021-12-26T10:11:07.924Z",
        "user": [
            "admin"
        ],
        "content_type": [
            "products",
            "productvariation"
        ],
        "object_id": "36",
        "object_repr": "Plantex Stainless Steel Wall Mount Shelf 2 Tier Bathroom Shelf/Rack",
        "action_flag": 2,
        "change_message": "[{\"changed\": {\"fields\": [\"Images\"]}}]"
    }
},
{
    "model": "admin.logentry",
    "pk": 49,
    "fields": {
        "action_time": "2021-12-26T10:17:17.998Z",
        "user": [
            "admin"
        ],
        "content_type": [
            "core",
            "brand"
        ],
        "object_id": "24",
        "object_repr": "Minute Maid",
        "action_flag": 1,
        "change_message": "[{\"added\": {}}]"
    }
},
{
    "model": "admin.logentry",
    "pk": 50,
    "fields": {
        "action_time": "2021-12-26T10:18:15.826Z",
        "user": [
            "admin"
        ],
        "content_type": [
            "products",
            "productspecification"
        ],
        "object_id": "22",
        "object_repr": "A deliciously refreshing orange fruit drink",
        "action_flag": 1,
        "change_message": "[{\"added\": {}}]"
    }
},
{
    "model": "admin.logentry",
    "pk": 51,
    "fields": {
        "action_time": "2021-12-26T10:18:17.444Z",
        "user": [
            "admin"
        ],
        "content_type": [
            "products",
            "product"
        ],
        "object_id": "18",
        "object_repr": "Minute Maid Pulpy Orange Fruit Drink",
        "action_flag": 1,
        "change_message": "[{\"added\": {}}]"
    }
},
{
    "model": "admin.logentry",
    "pk": 52,
    "fields": {
        "action_time": "2021-12-26T10:19:13.226Z",
        "user": [
            "admin"
        ],
        "content_type": [
            "products",
            "productvariation"
        ],
        "object_id": "37",
        "object_repr": "Minute Maid Pulpy Orange Fruit Drink (1 L)",
        "action_flag": 1,
        "change_message": "[{\"added\": {}}]"
    }
},
{
    "model": "admin.logentry",
    "pk": 53,
    "fields": {
        "action_time": "2021-12-26T10:21:00.408Z",
        "user": [
            "admin"
        ],
        "content_type": [
            "products",
            "productimages"
        ],
        "object_id": "115",
        "object_repr": "Minute Maid Pulpy Orange main",
        "action_flag": 1,
        "change_message": "[{\"added\": {}}]"
    }
},
{
    "model": "admin.logentry",
    "pk": 54,
    "fields": {
        "action_time": "2021-12-26T10:21:13.635Z",
        "user": [
            "admin"
        ],
        "content_type": [
            "products",
            "productimages"
        ],
        "object_id": "116",
        "object_repr": "Minute Maid Pulpy Orange nutrition",
        "action_flag": 1,
        "change_message": "[{\"added\": {}}]"
    }
},
{
    "model": "admin.logentry",
    "pk": 55,
    "fields": {
        "action_time": "2021-12-26T10:21:25.997Z",
        "user": [
            "admin"
        ],
        "content_type": [
            "products",
            "productimages"
        ],
        "object_id": "117",
        "object_repr": "Minute Maid Pulpy Orange ingrediants",
        "action_flag": 1,
        "change_message": "[{\"added\": {}}]"
    }
},
{
    "model": "admin.logentry",
    "pk": 56,
    "fields": {
        "action_time": "2021-12-26T10:21:43.186Z",
        "user": [
            "admin"
        ],
        "content_type": [
            "products",
            "productvariation"
        ],
        "object_id": "37",
        "object_repr": "Minute Maid Pulpy Orange Fruit Drink (1 L)",
        "action_flag": 2,
        "change_message": "[{\"changed\": {\"fields\": [\"Images\"]}}]"
    }
},
{
    "model": "admin.logentry",
    "pk": 57,
    "fields": {
        "action_time": "2021-12-26T10:24:57.149Z",
        "user": [
            "admin"
        ],
        "content_type": [
            "products",
            "productspecification"
        ],
        "object_id": "23",
        "object_repr": "Cadbury Silk Potli Gift Pack",
        "action_flag": 1,
        "change_message": "[{\"added\": {}}]"
    }
},
{
    "model": "admin.logentry",
    "pk": 58,
    "fields": {
        "action_time": "2021-12-26T10:25:03.111Z",
        "user": [
            "admin"
        ],
        "content_type": [
            "products",
            "product"
        ],
        "object_id": "19",
        "object_repr": "Cadbury Silk Potli Gift Pack",
        "action_flag": 1,
        "change_message": "[{\"added\": {}}]"
    }
},
{
    "model": "admin.logentry",
    "pk": 59,
    "fields": {
        "action_time": "2021-12-26T10:25:53.026Z",
        "user": [
            "admin"
        ],
        "content_type": [
            "products",
            "productvariation"
        ],
        "object_id": "38",
        "object_repr": "Cadbury Silk Potli Gift Pack (343g)",
        "action_flag": 1,
        "change_message": "[{\"added\": {}}]"
    }
},
{
    "model": "admin.logentry",
    "pk": 60,
    "fields": {
        "action_time": "2021-12-26T10:28:22.098Z",
        "user": [
            "admin"
        ],
        "content_type": [
            "products",
            "productimages"
        ],
        "object_id": "118",
        "object_repr": "Cadbury Silk Potli Gift main",
        "action_flag": 1,
        "change_message": "[{\"added\": {}}]"
    }
},
{
    "model": "admin.logentry",
    "pk": 61,
    "fields": {
        "action_time": "2021-12-26T10:28:32.782Z",
        "user": [
            "admin"
        ],
        "content_type": [
            "products",
            "productimages"
        ],
        "object_id": "119",
        "object_repr": "Cadbury Silk Potli Gift sec",
        "action_flag": 1,
        "change_message": "[{\"added\": {}}]"
    }
},
{
    "model": "admin.logentry",
    "pk": 62,
    "fields": {
        "action_time": "2021-12-26T10:28:43.544Z",
        "user": [
            "admin"
        ],
        "content_type": [
            "products",
            "productimages"
        ],
        "object_id": "120",
        "object_repr": "Cadbury Silk Potli Gift sec2",
        "action_flag": 1,
        "change_message": "[{\"added\": {}}]"
    }
},
{
    "model": "admin.logentry",
    "pk": 63,
    "fields": {
        "action_time": "2021-12-26T10:28:54.969Z",
        "user": [
            "admin"
        ],
        "content_type": [
            "products",
            "productimages"
        ],
        "object_id": "121",
        "object_repr": "Cadbury Silk Potli Gift  nut1",
        "action_flag": 1,
        "change_message": "[{\"added\": {}}]"
    }
},
{
    "model": "admin.logentry",
    "pk": 64,
    "fields": {
        "action_time": "2021-12-26T10:29:08.416Z",
        "user": [
            "admin"
        ],
        "content_type": [
            "products",
            "productimages"
        ],
        "object_id": "122",
        "object_repr": "Cadbury Silk Potli Gift  nut2",
        "action_flag": 1,
        "change_message": "[{\"added\": {}}]"
    }
},
{
    "model": "admin.logentry",
    "pk": 65,
    "fields": {
        "action_time": "2021-12-26T10:29:27.425Z",
        "user": [
            "admin"
        ],
        "content_type": [
            "products",
            "productvariation"
        ],
        "object_id": "38",
        "object_repr": "Cadbury Silk Potli Gift Pack (343g)",
        "action_flag": 2,
        "change_message": "[{\"changed\": {\"fields\": [\"Images\"]}}]"
    }
},
{
    "model": "admin.logentry",
    "pk": 66,
    "fields": {
        "action_time": "2021-12-26T11:32:41.985Z",
        "user": [
            "admin"
        ],
        "content_type": [
            "products",
            "productspecification"
        ],
        "object_id": "24",
        "object_repr": "Tropicana Orange Delight",
        "action_flag": 1,
        "change_message": "[{\"added\": {}}]"
    }
},
{
    "model": "admin.logentry",
    "pk": 67,
    "fields": {
        "action_time": "2021-12-26T11:32:46.308Z",
        "user": [
            "admin"
        ],
        "content_type": [
            "products",
            "product"
        ],
        "object_id": "20",
        "object_repr": "Tropicana Orange Delight",
        "action_flag": 1,
        "change_message": "[{\"added\": {}}]"
    }
},
{
    "model": "admin.logentry",
    "pk": 68,
    "fields": {
        "action_time": "2021-12-26T11:33:28.902Z",
        "user": [
            "admin"
        ],
        "content_type": [
            "products",
            "productvariation"
        ],
        "object_id": "39",
        "object_repr": "Tropicana Orange Delight (1 L)",
        "action_flag": 1,
        "change_message": "[{\"added\": {}}]"
    }
},
{
    "model": "admin.logentry",
    "pk": 69,
    "fields": {
        "action_time": "2021-12-26T11:35:53.400Z",
        "user": [
            "admin"
        ],
        "content_type": [
            "products",
            "productimages"
        ],
        "object_id": "123",
        "object_repr": "Tropicana Orange Delight main",
        "action_flag": 1,
        "change_message": "[{\"added\": {}}]"
    }
},
{
    "model": "admin.logentry",
    "pk": 70,
    "fields": {
        "action_time": "2021-12-26T11:36:07.026Z",
        "user": [
            "admin"
        ],
        "content_type": [
            "products",
            "productimages"
        ],
        "object_id": "124",
        "object_repr": "Tropicana Orange Delight sec",
        "action_flag": 1,
        "change_message": "[{\"added\": {}}]"
    }
},
{
    "model": "admin.logentry",
    "pk": 71,
    "fields": {
        "action_time": "2021-12-26T11:36:21.892Z",
        "user": [
            "admin"
        ],
        "content_type": [
            "products",
            "productimages"
        ],
        "object_id": "125",
        "object_repr": "Tropicana Orange Delight nutrition",
        "action_flag": 1,
        "change_message": "[{\"added\": {}}]"
    }
},
{
    "model": "admin.logentry",
    "pk": 72,
    "fields": {
        "action_time": "2021-12-26T11:36:36.405Z",
        "user": [
            "admin"
        ],
        "content_type": [
            "products",
            "productimages"
        ],
        "object_id": "126",
        "object_repr": "Tropicana Orange Delight ingrediants",
        "action_flag": 1,
        "change_message": "[{\"added\": {}}]"
    }
},
{
    "model": "admin.logentry",
    "pk": 73,
    "fields": {
        "action_time": "2021-12-26T11:36:52.058Z",
        "user": [
            "admin"
        ],
        "content_type": [
            "products",
            "productvariation"
        ],
        "object_id": "39",
        "object_repr": "Tropicana Orange Delight (1 L)",
        "action_flag": 2,
        "change_message": "[{\"changed\": {\"fields\": [\"Images\"]}}]"
    }
},
{
    "model": "admin.logentry",
    "pk": 74,
    "fields": {
        "action_time": "2021-12-26T11:39:35.696Z",
        "user": [
            "admin"
        ],
        "content_type": [
            "products",
            "productspecification"
        ],
        "object_id": "25",
        "object_repr": "Tropicana Litchi Delight Fruit Juice",
        "action_flag": 1,
        "change_message": "[{\"added\": {}}]"
    }
},
{
    "model": "admin.logentry",
    "pk": 75,
    "fields": {
        "action_time": "2021-12-26T11:39:39.681Z",
        "user": [
            "admin"
        ],
        "content_type": [
            "products",
            "product"
        ],
        "object_id": "21",
        "object_repr": "Tropicana Litchi Delight Fruit Juice",
        "action_flag": 1,
        "change_message": "[{\"added\": {}}]"
    }
},
{
    "model": "admin.logentry",
    "pk": 76,
    "fields": {
        "action_time": "2021-12-26T11:40:11.870Z",
        "user": [
            "admin"
        ],
        "content_type": [
            "products",
            "productvariation"
        ],
        "object_id": "40",
        "object_repr": "Tropicana Litchi Delight Fruit Juice (1 L)",
        "action_flag": 1,
        "change_message": "[{\"added\": {}}]"
    }
},
{
    "model": "admin.logentry",
    "pk": 77,
    "fields": {
        "action_time": "2021-12-26T11:42:08.026Z",
        "user": [
            "admin"
        ],
        "content_type": [
            "products",
            "productimages"
        ],
        "object_id": "127",
        "object_repr": "Tropicana Litchi Delight Fruit Juice",
        "action_flag": 1,
        "change_message": "[{\"added\": {}}]"
    }
},
{
    "model": "admin.logentry",
    "pk": 78,
    "fields": {
        "action_time": "2021-12-26T11:42:23.324Z",
        "user": [
            "admin"
        ],
        "content_type": [
            "products",
            "productimages"
        ],
        "object_id": "128",
        "object_repr": "Tropicana Litchi Delight Fruit Juice sec",
        "action_flag": 1,
        "change_message": "[{\"added\": {}}]"
    }
},
{
    "model": "admin.logentry",
    "pk": 79,
    "fields": {
        "action_time": "2021-12-26T11:42:30.674Z",
        "user": [
            "admin"
        ],
        "content_type": [
            "products",
            "productimages"
        ],
        "object_id": "127",
        "object_repr": "Tropicana Litchi Delight Fruit Juice main",
        "action_flag": 2,
        "change_message": "[{\"changed\": {\"fields\": [\"Image summary\"]}}]"
    }
},
{
    "model": "admin.logentry",
    "pk": 80,
    "fields": {
        "action_time": "2021-12-26T11:42:49.985Z",
        "user": [
            "admin"
        ],
        "content_type": [
            "products",
            "productvariation"
        ],
        "object_id": "40",
        "object_repr": "Tropicana Litchi Delight Fruit Juice (1 L)",
        "action_flag": 2,
        "change_message": "[{\"changed\": {\"fields\": [\"Images\"]}}]"
    }
},
{
    "model": "admin.logentry",
    "pk": 81,
    "fields": {
        "action_time": "2021-12-26T11:50:45.314Z",
        "user": [
            "admin"
        ],
        "content_type": [
            "products",
            "productspecification"
        ],
        "object_id": "26",
        "object_repr": "TypeScript: 62",
        "action_flag": 1,
        "change_message": "[{\"added\": {}}]"
    }
},
{
    "model": "admin.logentry",
    "pk": 82,
    "fields": {
        "action_time": "2021-12-26T11:50:49.678Z",
        "user": [
            "admin"
        ],
        "content_type": [
            "products",
            "product"
        ],
        "object_id": "22",
        "object_repr": "Effective TypeScript: 62 Specific Ways to Improve Your TypeScript",
        "action_flag": 1,
        "change_message": "[{\"added\": {}}]"
    }
},
{
    "model": "admin.logentry",
    "pk": 83,
    "fields": {
        "action_time": "2021-12-26T11:51:24.846Z",
        "user": [
            "admin"
        ],
        "content_type": [
            "products",
            "productvariation"
        ],
        "object_id": "41",
        "object_repr": "Tropicana Litchi Delight Fruit Juice (E-Book)",
        "action_flag": 1,
        "change_message": "[{\"added\": {}}]"
    }
},
{
    "model": "admin.logentry",
    "pk": 84,
    "fields": {
        "action_time": "2021-12-26T11:51:50.058Z",
        "user": [
            "admin"
        ],
        "content_type": [
            "products",
            "productvariation"
        ],
        "object_id": "42",
        "object_repr": "Effective TypeScript: 62 Specific Ways to Improve Your TypeScript (Paperback)",
        "action_flag": 1,
        "change_message": "[{\"added\": {}}]"
    }
},
{
    "model": "admin.logentry",
    "pk": 85,
    "fields": {
        "action_time": "2021-12-26T11:52:23.152Z",
        "user": [
            "admin"
        ],
        "content_type": [
            "products",
            "productimages"
        ],
        "object_id": "129",
        "object_repr": "efffective typescript main",
        "action_flag": 1,
        "change_message": "[{\"added\": {}}]"
    }
},
{
    "model": "admin.logentry",
    "pk": 86,
    "fields": {
        "action_time": "2021-12-26T11:52:51.333Z",
        "user": [
            "admin"
        ],
        "content_type": [
            "products",
            "productvariation"
        ],
        "object_id": "42",
        "object_repr": "Effective TypeScript: 62 Specific Ways to Improve Your TypeScript (Paperback)",
        "action_flag": 2,
        "change_message": "[{\"changed\": {\"fields\": [\"Images\"]}}]"
    }
},
{
    "model": "admin.logentry",
    "pk": 87,
    "fields": {
        "action_time": "2021-12-26T11:55:56.310Z",
        "user": [
            "admin"
        ],
        "content_type": [
            "products",
            "productspecification"
        ],
        "object_id": "27",
        "object_repr": "Django 3 By Example:",
        "action_flag": 1,
        "change_message": "[{\"added\": {}}]"
    }
},
{
    "model": "admin.logentry",
    "pk": 88,
    "fields": {
        "action_time": "2021-12-26T11:55:59.370Z",
        "user": [
            "admin"
        ],
        "content_type": [
            "products",
            "product"
        ],
        "object_id": "23",
        "object_repr": "Django 3 By Example: Build powerful and reliable Python web applications from scratch, 3rd Edition",
        "action_flag": 1,
        "change_message": "[{\"added\": {}}]"
    }
},
{
    "model": "admin.logentry",
    "pk": 89,
    "fields": {
        "action_time": "2021-12-26T11:56:29.565Z",
        "user": [
            "admin"
        ],
        "content_type": [
            "products",
            "productvariation"
        ],
        "object_id": "43",
        "object_repr": "Django 3 By Example: Build powerful and reliable Python web applications from scratch, 3rd Edition (Paperback)",
        "action_flag": 1,
        "change_message": "[{\"added\": {}}]"
    }
},
{
    "model": "admin.logentry",
    "pk": 90,
    "fields": {
        "action_time": "2021-12-26T11:57:34.539Z",
        "user": [
            "admin"
        ],
        "content_type": [
            "products",
            "productimages"
        ],
        "object_id": "130",
        "object_repr": "Django 3 by example main",
        "action_flag": 1,
        "change_message": "[{\"added\": {}}]"
    }
},
{
    "model": "admin.logentry",
    "pk": 91,
    "fields": {
        "action_time": "2021-12-26T11:57:51.600Z",
        "user": [
            "admin"
        ],
        "content_type": [
            "products",
            "productvariation"
        ],
        "object_id": "43",
        "object_repr": "Django 3 By Example: Build powerful and reliable Python web applications from scratch, 3rd Edition (Paperback)",
        "action_flag": 2,
        "change_message": "[{\"changed\": {\"fields\": [\"Images\"]}}]"
    }
},
{
    "model": "admin.logentry",
    "pk": 92,
    "fields": {
        "action_time": "2021-12-26T12:03:36.035Z",
        "user": [
            "admin"
        ],
        "content_type": [
            "products",
            "productspecification"
        ],
        "object_id": "28",
        "object_repr": "Learning React: Modern Patterns for Developing React Apps, Second Edition",
        "action_flag": 1,
        "change_message": "[{\"added\": {}}]"
    }
},
{
    "model": "admin.logentry",
    "pk": 93,
    "fields": {
        "action_time": "2021-12-26T12:03:39.256Z",
        "user": [
            "admin"
        ],
        "content_type": [
            "products",
            "product"
        ],
        "object_id": "24",
        "object_repr": "Learning React: Modern Patterns for Developing React Apps, Second Edition",
        "action_flag": 1,
        "change_message": "[{\"added\": {}}]"
    }
},
{
    "model": "admin.logentry",
    "pk": 94,
    "fields": {
        "action_time": "2021-12-26T12:04:12.775Z",
        "user": [
            "admin"
        ],
        "content_type": [
            "products",
            "productvariation"
        ],
        "object_id": "44",
        "object_repr": "Learning React: Modern Patterns for Developing React Apps, Second Edition (Paperback)",
        "action_flag": 1,
        "change_message": "[{\"added\": {}}]"
    }
},
{
    "model": "admin.logentry",
    "pk": 95,
    "fields": {
        "action_time": "2021-12-26T12:05:56.491Z",
        "user": [
            "admin"
        ],
        "content_type": [
            "products",
            "productimages"
        ],
        "object_id": "131",
        "object_repr": "react book main",
        "action_flag": 1,
        "change_message": "[{\"added\": {}}]"
    }
},
{
    "model": "admin.logentry",
    "pk": 96,
    "fields": {
        "action_time": "2021-12-26T12:06:22.331Z",
        "user": [
            "admin"
        ],
        "content_type": [
            "products",
            "productvariation"
        ],
        "object_id": "44",
        "object_repr": "Learning React: Modern Patterns for Developing React Apps, Second Edition (Paperback)",
        "action_flag": 2,
        "change_message": "[{\"changed\": {\"fields\": [\"Images\"]}}]"
    }
},
{
    "model": "admin.logentry",
    "pk": 97,
    "fields": {
        "action_time": "2021-12-26T12:07:21.108Z",
        "user": [
            "admin"
        ],
        "content_type": [
            "products",
            "productvariation"
        ],
        "object_id": "43",
        "object_repr": "Django 3 By Example: Build powerful and reliable Python web applications from scratch, 3rd Edition (Paperback)",
        "action_flag": 2,
        "change_message": "[]"
    }
},
{
    "model": "admin.logentry",
    "pk": 98,
    "fields": {
        "action_time": "2021-12-26T12:09:14.576Z",
        "user": [
            "admin"
        ],
        "content_type": [
            "products",
            "productvariation"
        ],
        "object_id": "41",
        "object_repr": "Tropicana Litchi Delight Fruit Juice (1 L)",
        "action_flag": 2,
        "change_message": "[{\"changed\": {\"fields\": [\"Book variation\", \"Juices quantity\", \"Images\"]}}]"
    }
},
{
    "model": "admin.logentry",
    "pk": 99,
    "fields": {
        "action_time": "2021-12-26T12:09:49.866Z",
        "user": [
            "admin"
        ],
        "content_type": [
            "products",
            "productvariation"
        ],
        "object_id": "41",
        "object_repr": "Tropicana Litchi Delight Fruit Juice (1 L)",
        "action_flag": 3,
        "change_message": ""
    }
}
]
