[
{
    "model": "products.productcolor",
    "pk": 2,
    "fields": {
        "slug": "red",
        "name": "RED"
    }
},
{
    "model": "products.productcolor",
    "pk": 3,
    "fields": {
        "slug": "yellow",
        "name": "Yellow"
    }
},
{
    "model": "products.productcolor",
    "pk": 4,
    "fields": {
        "slug": "green",
        "name": "GREEN"
    }
},
{
    "model": "products.productcolor",
    "pk": 5,
    "fields": {
        "slug": "blue",
        "name": "BLUE"
    }
},
{
    "model": "products.productcolor",
    "pk": 6,
    "fields": {
        "slug": "navy-blue",
        "name": "NAVY BLUE"
    }
},
{
    "model": "products.productcolor",
    "pk": 7,
    "fields": {
        "slug": "black",
        "name": "BLACK"
    }
},
{
    "model": "products.productcolor",
    "pk": 8,
    "fields": {
        "slug": "white",
        "name": "WHITE"
    }
},
{
    "model": "products.productcolor",
    "pk": 9,
    "fields": {
        "slug": "purple",
        "name": "PURPLE"
    }
},
{
    "model": "products.productcolor",
    "pk": 10,
    "fields": {
        "slug": "brown",
        "name": "BROWN"
    }
},
{
    "model": "products.productcolor",
    "pk": 11,
    "fields": {
        "slug": "grey",
        "name": "GREY"
    }
},
{
    "model": "products.productcolor",
    "pk": 12,
    "fields": {
        "slug": "gold",
        "name": "GOLD"
    }
},
{
    "model": "products.productcolor",
    "pk": 13,
    "fields": {
        "slug": "space-grey",
        "name": "SPACE GREY"
    }
},
{
    "model": "products.productcolor",
    "pk": 14,
    "fields": {
        "slug": "jet-black",
        "name": "Jet Black"
    }
},
{
    "model": "products.screentype",
    "pk": 1,
    "fields": {
        "name": "LCD"
    }
},
{
    "model": "products.screentype",
    "pk": 2,
    "fields": {
        "name": "LED"
    }
},
{
    "model": "products.screentype",
    "pk": 8,
    "fields": {
        "name": "OLED"
    }
},
{
    "model": "products.screentype",
    "pk": 9,
    "fields": {
        "name": "QLED"
    }
},
{
    "model": "products.displaytype",
    "pk": 1,
    "fields": {
        "name": "Full HD+ Super AMOLED Display"
    }
},
{
    "model": "products.displaytype",
    "pk": 2,
    "fields": {
        "name": "Dynamic AMOLED Infinity-O Display"
    }
},
{
    "model": "products.displaytype",
    "pk": 3,
    "fields": {
        "name": "Retina HD Display"
    }
},
{
    "model": "products.displaytype",
    "pk": 4,
    "fields": {
        "name": "All-screen LCD Multi-touch Display with IPS Technology"
    }
},
{
    "model": "products.displaytype",
    "pk": 5,
    "fields": {
        "name": "Super Retina XDR Display"
    }
},
{
    "model": "products.displaytype",
    "pk": 6,
    "fields": {
        "name": "OLED"
    }
},
{
    "model": "products.displaytype",
    "pk": 7,
    "fields": {
        "name": "LED"
    }
},
{
    "model": "products.displaytype",
    "pk": 8,
    "fields": {
        "name": "LCD"
    }
},
{
    "model": "products.displaytype",
    "pk": 9,
    "fields": {
        "name": "HD"
    }
},
{
    "model": "products.displaytype",
    "pk": 10,
    "fields": {
        "name": "HD+"
    }
},
{
    "model": "products.displaytype",
    "pk": 11,
    "fields": {
        "name": "Super HD"
    }
},
{
    "model": "products.displaytype",
    "pk": 12,
    "fields": {
        "name": "FHD LED Backlit Anti-glare Display"
    }
},
{
    "model": "products.mobilevariant",
    "pk": 1,
    "fields": {
        "name": "6GB / 64GB"
    }
},
{
    "model": "products.mobilevariant",
    "pk": 2,
    "fields": {
        "name": "4GB / 64GB"
    }
},
{
    "model": "products.mobilevariant",
    "pk": 3,
    "fields": {
        "name": "8GB / 64GB"
    }
},
{
    "model": "products.mobilevariant",
    "pk": 4,
    "fields": {
        "name": "3GB / 64GB"
    }
},
{
    "model": "products.mobilevariant",
    "pk": 5,
    "fields": {
        "name": "12GB / 64GB"
    }
},
{
    "model": "products.mobilevariant",
    "pk": 6,
    "fields": {
        "name": "4GB / 128gb"
    }
},
{
    "model": "products.mobilevariant",
    "pk": 7,
    "fields": {
        "name": "4GB / 256GB"
    }
},
{
    "model": "products.mobilevariant",
    "pk": 8,
    "fields": {
        "name": "6GB / 128gb"
    }
},
{
    "model": "products.mobilevariant",
    "pk": 9,
    "fields": {
        "name": "6GB / 256GB"
    }
},
{
    "model": "products.mobilevariant",
    "pk": 10,
    "fields": {
        "name": "8GB / 128GB"
    }
},
{
    "model": "products.mobilevariant",
    "pk": 11,
    "fields": {
        "name": "8GB / 256GB"
    }
},
{
    "model": "products.mobilevariant",
    "pk": 12,
    "fields": {
        "name": "12GB / 128GB"
    }
},
{
    "model": "products.mobilevariant",
    "pk": 13,
    "fields": {
        "name": "12GB / 256GB"
    }
},
{
    "model": "products.mobilevariant",
    "pk": 14,
    "fields": {
        "name": "3GB / 128GB"
    }
},
{
    "model": "products.laptopvariant",
    "pk": 1,
    "fields": {
        "name": "8 GB / 1 TB HDD"
    }
},
{
    "model": "products.laptopvariant",
    "pk": 2,
    "fields": {
        "name": "8 GB / 256 GB SDD"
    }
},
{
    "model": "products.tvvariant",
    "pk": 2,
    "fields": {
        "display_size": "65"
    }
},
{
    "model": "products.operatingsystem",
    "pk": 1,
    "fields": {
        "slug": "windows-10-home",
        "name": "Windows 10 Home"
    }
},
{
    "model": "products.operatingsystem",
    "pk": 2,
    "fields": {
        "slug": "windows-10-pro",
        "name": "Windows 10 Professional"
    }
},
{
    "model": "products.operatingsystem",
    "pk": 3,
    "fields": {
        "slug": "ios-14",
        "name": "IOS 14"
    }
},
{
    "model": "products.operatingsystem",
    "pk": 4,
    "fields": {
        "slug": "ios-13",
        "name": "IOS 13"
    }
},
{
    "model": "products.operatingsystem",
    "pk": 5,
    "fields": {
        "slug": "ios-12",
        "name": "IOS 12"
    }
},
{
    "model": "products.operatingsystem",
    "pk": 6,
    "fields": {
        "slug": "android-11",
        "name": "Android 11"
    }
},
{
    "model": "products.operatingsystem",
    "pk": 7,
    "fields": {
        "slug": "android-android-q-10",
        "name": "Android Android Q 10"
    }
},
{
    "model": "products.operatingsystem",
    "pk": 8,
    "fields": {
        "slug": "android-10",
        "name": "Android 10"
    }
},
{
    "model": "products.operatingsystem",
    "pk": 9,
    "fields": {
        "slug": "android-9",
        "name": "Android 9"
    }
},
{
    "model": "products.washingmethod",
    "pk": 1,
    "fields": {
        "name": "3 Smart Motion"
    }
},
{
    "model": "products.washingmethod",
    "pk": 2,
    "fields": {
        "name": "Pulsator"
    }
},
{
    "model": "products.washingmethod",
    "pk": 3,
    "fields": {
        "name": "Agipellar Wash"
    }
},
{
    "model": "products.washingmethod",
    "pk": 4,
    "fields": {
        "name": "Tumble Wash"
    }
},
{
    "model": "products.actype",
    "pk": 1,
    "fields": {
        "name": "Split"
    }
},
{
    "model": "products.actype",
    "pk": 2,
    "fields": {
        "name": "Window"
    }
},
{
    "model": "products.actype",
    "pk": 3,
    "fields": {
        "name": "Portable"
    }
},
{
    "model": "products.productseries",
    "pk": 1,
    "fields": {
        "name": "Samsung Galaxy S"
    }
},
{
    "model": "products.productseries",
    "pk": 2,
    "fields": {
        "name": "Samsung Galaxy A"
    }
},
{
    "model": "products.productseries",
    "pk": 3,
    "fields": {
        "name": "Samsung Galaxy Note"
    }
},
{
    "model": "products.productseries",
    "pk": 4,
    "fields": {
        "name": "Samsung Galaxy J"
    }
},
{
    "model": "products.productseries",
    "pk": 5,
    "fields": {
        "name": "Macbook Pro"
    }
},
{
    "model": "products.productseries",
    "pk": 6,
    "fields": {
        "name": "Mackbook Air"
    }
},
{
    "model": "products.productseries",
    "pk": 7,
    "fields": {
        "name": "Thinkpad T Series"
    }
},
{
    "model": "products.productseries",
    "pk": 8,
    "fields": {
        "name": "Thinkpad Series"
    }
},
{
    "model": "products.productseries",
    "pk": 9,
    "fields": {
        "name": "Lenovo V Series"
    }
},
{
    "model": "products.productseries",
    "pk": 10,
    "fields": {
        "name": "Samsung Galaxy Books"
    }
},
{
    "model": "products.productseries",
    "pk": 11,
    "fields": {
        "name": "Microsoft Surface"
    }
},
{
    "model": "products.productseries",
    "pk": 12,
    "fields": {
        "name": "HP Pavilion"
    }
},
{
    "model": "products.productseries",
    "pk": 13,
    "fields": {
        "name": "HP Envy"
    }
},
{
    "model": "products.productseries",
    "pk": 14,
    "fields": {
        "name": "HP Spectre"
    }
},
{
    "model": "products.productseries",
    "pk": 15,
    "fields": {
        "name": "HP ProBook"
    }
},
{
    "model": "products.productseries",
    "pk": 16,
    "fields": {
        "name": "HP EliteBook"
    }
},
{
    "model": "products.productseries",
    "pk": 17,
    "fields": {
        "name": "HP Omen"
    }
},
{
    "model": "products.productseries",
    "pk": 18,
    "fields": {
        "name": "HP Chromebook"
    }
},
{
    "model": "products.productseries",
    "pk": 19,
    "fields": {
        "name": "HP Stream"
    }
},
{
    "model": "products.productseries",
    "pk": 20,
    "fields": {
        "name": "APPLE iPhone SE"
    }
},
{
    "model": "products.productseries",
    "pk": 21,
    "fields": {
        "name": "APPLE iPhone 12"
    }
},
{
    "model": "products.productseries",
    "pk": 22,
    "fields": {
        "name": "ThinkPad E14 Gen2"
    }
},
{
    "model": "products.productseries",
    "pk": 23,
    "fields": {
        "name": "HP 15s"
    }
},
{
    "model": "products.productseries",
    "pk": 24,
    "fields": {
        "name": "The Frame 2021 Series"
    }
},
{
    "model": "products.refrigeratortype",
    "pk": 1,
    "fields": {
        "name": "Double Door"
    }
},
{
    "model": "products.refrigeratortype",
    "pk": 2,
    "fields": {
        "name": "Triple Door"
    }
},
{
    "model": "products.refrigeratortype",
    "pk": 3,
    "fields": {
        "name": "Single Door"
    }
},
{
    "model": "products.speakertype",
    "pk": 1,
    "fields": {
        "name": "Speakers"
    }
},
{
    "model": "products.speakertype",
    "pk": 2,
    "fields": {
        "name": "Bluetooth Speakers"
    }
},
{
    "model": "products.speakertype",
    "pk": 3,
    "fields": {
        "name": "Home Theatres"
    }
},
{
    "model": "products.simtype",
    "pk": 1,
    "fields": {
        "name": "Dual Sim"
    }
},
{
    "model": "products.simtype",
    "pk": 2,
    "fields": {
        "name": "Single Sim"
    }
},
{
    "model": "products.productmobilefeatures",
    "pk": 1,
    "fields": {
        "display_size": "11.94 cm (4.7 inch)",
        "display_type": 3,
        "resolution": "1334 x 750 Pixels",
        "sim_type": 1,
        "touchscreen": true,
        "smart_phone": true,
        "battery_capicity": "1,821mAh",
        "os": 4,
        "ram": "3 GB",
        "series": 20
    }
},
{
    "model": "products.productmobilefeatures",
    "pk": 2,
    "fields": {
        "display_size": "15.49 cm (6.1 inch)",
        "display_type": 5,
        "resolution": "2532 x 1170 Pixels",
        "sim_type": 2,
        "touchscreen": true,
        "smart_phone": true,
        "battery_capicity": "2815 mAh",
        "os": 3,
        "ram": "4 GB",
        "series": 21
    }
},
{
    "model": "products.productlaptopfeatures",
    "pk": 1,
    "fields": {
        "display_size": "35.56 cm (14 inch)",
        "display_type": 12,
        "series": 22,
        "os": 1,
        "processor": "Ryzen 5 Hexa Core",
        "resolution": "1920X1080 Pixel",
        "battery_backup": "Upto 13 hours",
        "touchscreen": false
    }
},
{
    "model": "products.productlaptopfeatures",
    "pk": 2,
    "fields": {
        "display_size": "39.62 cm (15.6 Inch)",
        "display_type": 12,
        "series": 23,
        "os": 1,
        "processor": "Intel Core i3 10th Gen",
        "resolution": "1920 x 1080 Pixel",
        "battery_backup": "Upto 12 hours",
        "touchscreen": false
    }
},
{
    "model": "products.producttelivisionfeatures",
    "pk": 1,
    "fields": {
        "display_size": "163 cm (65 inch)",
        "series": 24,
        "screen_type": 8,
        "is_3d": false,
        "is_curved": false,
        "has_wify": true,
        "usb_count": 2,
        "refresh_rate": "120 Hz",
        "includes_wallmount": true
    }
},
{
    "model": "products.productspecification",
    "pk": 3,
    "fields": {
        "in_box": "iPhone, USB-C to Lightning Cable, Documentation",
        "launched_date": "2021-08-08",
        "model_no": "MHGQ3HN/A",
        "model_name": "iPhone SE",
        "mobile": 1,
        "laptop": null,
        "tv": null,
        "washing_machine": null,
        "ac": null,
        "refrigerator": null,
        "speaker": null
    }
},
{
    "model": "products.productspecification",
    "pk": 5,
    "fields": {
        "in_box": "iPhone, USB-C to Lightning Cable, Documentation",
        "launched_date": "2021-08-23",
        "model_no": "MGJC3HN/A",
        "model_name": "iPhone 12",
        "mobile": 2,
        "laptop": null,
        "tv": null,
        "washing_machine": null,
        "ac": null,
        "refrigerator": null,
        "speaker": null
    }
},
{
    "model": "products.productspecification",
    "pk": 6,
    "fields": {
        "in_box": "Laptop, Power Adaptor, User Guide, Warranty Documents",
        "launched_date": "2021-08-24",
        "model_no": "E14",
        "model_name": "ThinkPad E14",
        "mobile": null,
        "laptop": 1,
        "tv": null,
        "washing_machine": null,
        "ac": null,
        "refrigerator": null,
        "speaker": null
    }
},
{
    "model": "products.productspecification",
    "pk": 7,
    "fields": {
        "in_box": "Laptop, Power Adaptor, User Guide, Warranty Documents",
        "launched_date": "2021-08-24",
        "model_no": "15s-DU1066TU",
        "model_name": "HP 15s",
        "mobile": null,
        "laptop": 2,
        "tv": null,
        "washing_machine": null,
        "ac": null,
        "refrigerator": null,
        "speaker": null
    }
},
{
    "model": "products.productspecification",
    "pk": 8,
    "fields": {
        "in_box": "1 LED TV, 1 Power Cord, 1 Remocon, 2 Stand-Top, 1 OC",
        "launched_date": "2021-08-26",
        "model_no": "QA65LS03AAKLXL",
        "model_name": "The Frame 2021 Series",
        "mobile": null,
        "laptop": null,
        "tv": 1,
        "washing_machine": null,
        "ac": null,
        "refrigerator": null,
        "speaker": null
    }
},
{
    "model": "products.productwarranty",
    "pk": 1,
    "fields": {
        "summary": "Brand Warranty of 1 Year",
        "covered": "6 Month Accessories Warranty and 1 Year Mobile Warranty",
        "not_covered": "Broken Display not covered under warranty"
    }
},
{
    "model": "products.productwarranty",
    "pk": 2,
    "fields": {
        "summary": "1 Year Onsite Warranty",
        "covered": "Manufacturing Defects",
        "not_covered": "Physical Damage"
    }
},
{
    "model": "products.productwarranty",
    "pk": 3,
    "fields": {
        "summary": "1 Year Product Warranty and 1 Year Additional on Panel",
        "covered": "All Manufacturing Defects",
        "not_covered": "Warranty Does Not Cover Any External Accessories (Such as Battery, Cable, Carrying Bag), Damage Caused to the Product Due to Improper Installation by Customer, Normal Wear and Tear and Damages Caused to the Product by Accident, Lightening, Ingress of Water, Fire, Dropping or Excessive Shock, Any Damage Caused Due to Tampering of the Product by an Unauthorized Agent."
    }
},
{
    "model": "products.product",
    "pk": 1,
    "fields": {
        "created": "2021-08-08T15:33:16.910Z",
        "updated": "2021-08-08T15:33:16.910Z",
        "uuid": "bdff80c7-f1d2-484e-a82a-cf2231b7fac5",
        "brand": 2,
        "product_code": "MBL",
        "name": "APPLE iPhone SE",
        "slug": "apple-iphone-se",
        "seller": [
            "admin"
        ],
        "subcategory": 1,
        "description": "",
        "overall_rating": "0.0",
        "replacement_days": 10,
        "warranty": 1,
        "weight": "148",
        "specification": 3
    }
},
{
    "model": "products.product",
    "pk": 2,
    "fields": {
        "created": "2021-08-23T15:01:31.649Z",
        "updated": "2021-08-23T15:01:31.649Z",
        "uuid": "2740ef5c-97c6-4d21-b633-45b0e4916fea",
        "brand": 2,
        "product_code": "MBL",
        "name": "APPLE iPhone 12",
        "slug": "apple-iphone-12",
        "seller": [
            "admin"
        ],
        "subcategory": 1,
        "description": "",
        "overall_rating": "0.0",
        "replacement_days": 10,
        "warranty": 1,
        "weight": "162 g",
        "specification": 5
    }
},
{
    "model": "products.product",
    "pk": 3,
    "fields": {
        "created": "2021-08-24T05:30:18.397Z",
        "updated": "2021-08-24T08:09:35.906Z",
        "uuid": "e2ffb734-bd35-4588-aab0-a71b39ca24da",
        "brand": 5,
        "product_code": "LPT",
        "name": "Lenovo ThinkPad E14 Gen2 Ryzen 5 Hexa Core 4650U 5th Gen",
        "slug": "lenovo-thinkpad-e14-gen2-ryzen-5-hexa-core-4650u-5th-gen",
        "seller": [
            "admin"
        ],
        "subcategory": 3,
        "description": "From attending online classes and virtual meetings to playing games and watching movies, the Lenovo",
        "overall_rating": "0.0",
        "replacement_days": 10,
        "warranty": 2,
        "weight": "1.59 kg",
        "specification": 6
    }
},
{
    "model": "products.product",
    "pk": 4,
    "fields": {
        "created": "2021-08-24T06:00:20.399Z",
        "updated": "2021-08-24T06:00:20.399Z",
        "uuid": "9e78a81b-7e09-4ad1-875a-7b75165d7ca0",
        "brand": 6,
        "product_code": "LPT",
        "name": "HP 15s Core i3 10th Gen",
        "slug": "hp-15s-core-i3-10th-gen",
        "seller": [
            "admin"
        ],
        "subcategory": 3,
        "description": "",
        "overall_rating": "0.0",
        "replacement_days": 10,
        "warranty": 2,
        "weight": "1.76 KG",
        "specification": 7
    }
},
{
    "model": "products.product",
    "pk": 5,
    "fields": {
        "created": "2021-08-26T08:54:37.107Z",
        "updated": "2021-08-26T08:54:37.107Z",
        "uuid": "353a796e-0db4-42a8-930f-298658964b0f",
        "brand": 1,
        "product_code": "TVS",
        "name": "SAMSUNG The Frame 2021 Series 163 cm (65 inch) QLED Ultra HD (4K) Smart TV",
        "slug": "samsung-the-frame-2021-series-163-cm-65-inch-qled-ultra-hd-4k-smart-tv",
        "seller": [
            "admin"
        ],
        "subcategory": 5,
        "description": "Create your own art gallery, watch TV and smartphone content simultaneously, and enjoy lifelike visu",
        "overall_rating": "0.0",
        "replacement_days": 10,
        "warranty": 3,
        "weight": "22.5 kg",
        "specification": 8
    }
},
{
    "model": "products.fashionsize",
    "pk": 1,
    "fields": {
        "name": "SMALL",
        "code": "S"
    }
},
{
    "model": "products.fashionsize",
    "pk": 2,
    "fields": {
        "name": "EXTRA SMALL",
        "code": "XS"
    }
},
{
    "model": "products.fashionsize",
    "pk": 3,
    "fields": {
        "name": "MEDIUM",
        "code": "M"
    }
},
{
    "model": "products.fashionsize",
    "pk": 4,
    "fields": {
        "name": "LARGE",
        "code": "L"
    }
},
{
    "model": "products.fashionsize",
    "pk": 5,
    "fields": {
        "name": "EXTRA LARGE",
        "code": "XL"
    }
},
{
    "model": "products.fashionsize",
    "pk": 6,
    "fields": {
        "name": "DOUBLE EXTRA LARGE",
        "code": "XXL"
    }
},
{
    "model": "products.productvariation",
    "pk": 1,
    "fields": {
        "uuid": "54b5423d-f00a-43c1-a605-584c932b9f92",
        "PID": "MBLOGTKIADMSGKIKZJ",
        "product": 1,
        "retail_price": "39900.00",
        "price": "32999.00",
        "color": 7,
        "active": true,
        "available_stock": 10,
        "mobile_variant": 4,
        "laptop_variant": null,
        "tv_variant": null,
        "size": null,
        "images": [
            1,
            2,
            3,
            4
        ]
    }
},
{
    "model": "products.productvariation",
    "pk": 2,
    "fields": {
        "uuid": "0f959fb0-4227-4145-b738-05b34f4cdb38",
        "PID": "MBLEWRGZAVMRISCPOF",
        "product": 1,
        "retail_price": "44900.00",
        "price": "34999.00",
        "color": 2,
        "active": true,
        "available_stock": 10,
        "mobile_variant": 14,
        "laptop_variant": null,
        "tv_variant": null,
        "size": null,
        "images": [
            8,
            5,
            6,
            7
        ]
    }
},
{
    "model": "products.productvariation",
    "pk": 3,
    "fields": {
        "uuid": "7ac4a8c4-59d3-4caa-8457-f0fe00ca9db3",
        "PID": "MBLPYPMBGCAATDWXSN",
        "product": 1,
        "retail_price": "39900.00",
        "price": "32999.00",
        "color": 8,
        "active": true,
        "available_stock": 9,
        "mobile_variant": 4,
        "laptop_variant": null,
        "tv_variant": null,
        "size": null,
        "images": [
            9,
            10,
            11,
            12
        ]
    }
},
{
    "model": "products.productvariation",
    "pk": 4,
    "fields": {
        "uuid": "685b91d4-0e22-47da-a1b0-e9f892b3109b",
        "PID": "MBLOCPIQAORLDBNAHW",
        "product": 2,
        "retail_price": "79900.00",
        "price": "77900.00",
        "color": 7,
        "active": true,
        "available_stock": 20,
        "mobile_variant": 2,
        "laptop_variant": null,
        "tv_variant": null,
        "size": null,
        "images": [
            13,
            14,
            15,
            16,
            17
        ]
    }
},
{
    "model": "products.productvariation",
    "pk": 5,
    "fields": {
        "uuid": "77ceb6cc-df8c-4fbc-8c7d-787860c46dcf",
        "PID": "MBLSYJANKJXEVGANXD",
        "product": 2,
        "retail_price": "84900.00",
        "price": "82900.00",
        "color": 7,
        "active": true,
        "available_stock": 15,
        "mobile_variant": 6,
        "laptop_variant": null,
        "tv_variant": null,
        "size": null,
        "images": [
            13,
            14,
            15,
            16,
            17
        ]
    }
},
{
    "model": "products.productvariation",
    "pk": 6,
    "fields": {
        "uuid": "d6815d4b-e63a-4f6e-bc00-ef8941979c96",
        "PID": "MBLWRSUXDXZEAKTEGE",
        "product": 2,
        "retail_price": "94900.00",
        "price": "92900.00",
        "color": 7,
        "active": true,
        "available_stock": 5,
        "mobile_variant": 7,
        "laptop_variant": null,
        "tv_variant": null,
        "size": null,
        "images": [
            13,
            14,
            15,
            16,
            17
        ]
    }
},
{
    "model": "products.productvariation",
    "pk": 7,
    "fields": {
        "uuid": "24645020-b689-40b1-ae1f-6f50226e9bcd",
        "PID": "MBLKSVVEESOITBPXZS",
        "product": 2,
        "retail_price": "79900.00",
        "price": "77900.00",
        "color": 2,
        "active": true,
        "available_stock": 50,
        "mobile_variant": 2,
        "laptop_variant": null,
        "tv_variant": null,
        "size": null,
        "images": [
            17,
            18,
            19,
            20,
            21
        ]
    }
},
{
    "model": "products.productvariation",
    "pk": 8,
    "fields": {
        "uuid": "1b14ab0c-c138-4eb0-8233-983cf1a0cfea",
        "PID": "MBLVJGELBYVOOLRYQI",
        "product": 2,
        "retail_price": "79900.00",
        "price": "77900.00",
        "color": 8,
        "active": true,
        "available_stock": 20,
        "mobile_variant": 2,
        "laptop_variant": null,
        "tv_variant": null,
        "size": null,
        "images": [
            17,
            22,
            23,
            24,
            25
        ]
    }
},
{
    "model": "products.productvariation",
    "pk": 9,
    "fields": {
        "uuid": "9bf36858-c786-4597-a4b1-25709c28eaaa",
        "PID": "MBLMTAQWPVSIZCLUFO",
        "product": 2,
        "retail_price": "94900.00",
        "price": "92900.00",
        "color": 2,
        "active": true,
        "available_stock": 0,
        "mobile_variant": 7,
        "laptop_variant": null,
        "tv_variant": null,
        "size": null,
        "images": [
            17,
            18,
            19,
            20,
            21
        ]
    }
},
{
    "model": "products.productvariation",
    "pk": 10,
    "fields": {
        "uuid": "5f4a9736-5be5-4ce6-8ed3-1da3b0e54165",
        "PID": "MBLSPKOGALENOMHUJA",
        "product": 2,
        "retail_price": "84900.00",
        "price": "82900.00",
        "color": 8,
        "active": true,
        "available_stock": 11,
        "mobile_variant": 6,
        "laptop_variant": null,
        "tv_variant": null,
        "size": null,
        "images": [
            17,
            22,
            23,
            24,
            25
        ]
    }
},
{
    "model": "products.productvariation",
    "pk": 11,
    "fields": {
        "uuid": "69ba45fe-0c44-43af-9d80-1bbe28db57b2",
        "PID": "LPTZWJPMELZZMMOFUK",
        "product": 3,
        "retail_price": "64038.00",
        "price": "53990.00",
        "color": 7,
        "active": true,
        "available_stock": 12,
        "mobile_variant": null,
        "laptop_variant": 2,
        "tv_variant": null,
        "size": null,
        "images": [
            32,
            33,
            34,
            30,
            31
        ]
    }
},
{
    "model": "products.productvariation",
    "pk": 12,
    "fields": {
        "uuid": "4e06e729-56b7-48c5-8d65-2ce953486f4b",
        "PID": "LPTPUXHMKVGRHEUSEO",
        "product": 4,
        "retail_price": "43900.00",
        "price": "40990.00",
        "color": 14,
        "active": true,
        "available_stock": 50,
        "mobile_variant": null,
        "laptop_variant": 1,
        "tv_variant": null,
        "size": null,
        "images": [
            26,
            27,
            28,
            29
        ]
    }
},
{
    "model": "products.productvariation",
    "pk": 14,
    "fields": {
        "uuid": "f7f4c975-15c9-49e7-891f-521255d9dc5b",
        "PID": "TVSQDMJQZBSHNATFQW",
        "product": 5,
        "retail_price": "222900.00",
        "price": "124999.00",
        "color": null,
        "active": true,
        "available_stock": 5,
        "mobile_variant": null,
        "laptop_variant": null,
        "tv_variant": 2,
        "size": null,
        "images": [
            35,
            36,
            38,
            39,
            40,
            41,
            42,
            43
        ]
    }
},
{
    "model": "products.productimages",
    "pk": 1,
    "fields": {
        "image_summary": "Iphone se black main",
        "image": "Product Image/Iphone/Iphone se black main/front.jpeg",
        "primary": true
    }
},
{
    "model": "products.productimages",
    "pk": 2,
    "fields": {
        "image_summary": "Iphone se black camera",
        "image": "Product Image/Iphone/Iphone se black camera/camera.jpeg",
        "primary": false
    }
},
{
    "model": "products.productimages",
    "pk": 3,
    "fields": {
        "image_summary": "Iphone se black back",
        "image": "Product Image/Iphone/Iphone se black back/back.jpeg",
        "primary": false
    }
},
{
    "model": "products.productimages",
    "pk": 4,
    "fields": {
        "image_summary": "Iphone se black side",
        "image": "Product Image/Iphone/Iphone se black side/side.jpeg",
        "primary": false
    }
},
{
    "model": "products.productimages",
    "pk": 5,
    "fields": {
        "image_summary": "Iphone se red main",
        "image": "Product Image/Iphone/Iphone se red main/front.jpeg",
        "primary": true
    }
},
{
    "model": "products.productimages",
    "pk": 6,
    "fields": {
        "image_summary": "Iphone se red back",
        "image": "Product Image/Iphone/Iphone se red back/back.jpeg",
        "primary": false
    }
},
{
    "model": "products.productimages",
    "pk": 7,
    "fields": {
        "image_summary": "Iphone se red side",
        "image": "Product Image/Iphone/Iphone se red side/side.jpeg",
        "primary": false
    }
},
{
    "model": "products.productimages",
    "pk": 8,
    "fields": {
        "image_summary": "Iphone se red camera",
        "image": "Product Image/Iphone/Iphone se red camera/camera.jpeg",
        "primary": false
    }
},
{
    "model": "products.productimages",
    "pk": 9,
    "fields": {
        "image_summary": "Iphone se White main",
        "image": "Product Image/Iphone/Iphone se White main/front.jpeg",
        "primary": true
    }
},
{
    "model": "products.productimages",
    "pk": 10,
    "fields": {
        "image_summary": "Iphone se white side",
        "image": "Product Image/Iphone/Iphone se white side/side.jpeg",
        "primary": false
    }
},
{
    "model": "products.productimages",
    "pk": 11,
    "fields": {
        "image_summary": "Iphone se white camera",
        "image": "Product Image/Iphone/Iphone se white camera/camera.jpeg",
        "primary": false
    }
},
{
    "model": "products.productimages",
    "pk": 12,
    "fields": {
        "image_summary": "Iphone se white back",
        "image": "Product Image/Iphone/Iphone se white back/back.jpeg",
        "primary": false
    }
},
{
    "model": "products.productimages",
    "pk": 13,
    "fields": {
        "image_summary": "Iphone 12 black main",
        "image": "Product Image/Iphone/Iphone 12 black main/front_main.jpeg",
        "primary": true
    }
},
{
    "model": "products.productimages",
    "pk": 14,
    "fields": {
        "image_summary": "Iphone 12 black front",
        "image": "Product Image/Iphone/Iphone 12 black front/front_black.jpeg",
        "primary": false
    }
},
{
    "model": "products.productimages",
    "pk": 15,
    "fields": {
        "image_summary": "Iphone 12 black camera",
        "image": "Product Image/Iphone/Iphone 12 black camera/front_camera.jpeg",
        "primary": false
    }
},
{
    "model": "products.productimages",
    "pk": 16,
    "fields": {
        "image_summary": "Iphone 12 black camera 2",
        "image": "Product Image/Iphone/Iphone 12 black camera 2/front_camera2.jpeg",
        "primary": false
    }
},
{
    "model": "products.productimages",
    "pk": 17,
    "fields": {
        "image_summary": "Iphone 12 detail",
        "image": "Product Image/Iphone/Iphone 12 detail/iphone_12_detail.jpeg",
        "primary": false
    }
},
{
    "model": "products.productimages",
    "pk": 18,
    "fields": {
        "image_summary": "Iphone 12 red main",
        "image": "Product Image/Iphone/Iphone 12 red main/red_main.jpeg",
        "primary": true
    }
},
{
    "model": "products.productimages",
    "pk": 19,
    "fields": {
        "image_summary": "Iphone 12 red front",
        "image": "Product Image/Iphone/Iphone 12 red front/red_front.jpeg",
        "primary": false
    }
},
{
    "model": "products.productimages",
    "pk": 20,
    "fields": {
        "image_summary": "Iphone 12 red camera",
        "image": "Product Image/Iphone/Iphone 12 red camera/red_camera.jpeg",
        "primary": false
    }
},
{
    "model": "products.productimages",
    "pk": 21,
    "fields": {
        "image_summary": "Iphone 12 red camera 2",
        "image": "Product Image/Iphone/Iphone 12 red camera 2/red_camera2.jpeg",
        "primary": false
    }
},
{
    "model": "products.productimages",
    "pk": 22,
    "fields": {
        "image_summary": "Iphone 12 white main",
        "image": "Product Image/Iphone/Iphone 12 white main/white_main.jpeg",
        "primary": true
    }
},
{
    "model": "products.productimages",
    "pk": 23,
    "fields": {
        "image_summary": "Iphone 12 white front",
        "image": "Product Image/Iphone/Iphone 12 white front/white_front.jpeg",
        "primary": false
    }
},
{
    "model": "products.productimages",
    "pk": 24,
    "fields": {
        "image_summary": "Iphone 12 white camera",
        "image": "Product Image/Iphone/Iphone 12 white camera/white_camera.jpeg",
        "primary": false
    }
},
{
    "model": "products.productimages",
    "pk": 25,
    "fields": {
        "image_summary": "Iphone 12 white camera 2",
        "image": "Product Image/Iphone/Iphone 12 white camera 2/white_camera2.jpeg",
        "primary": false
    }
},
{
    "model": "products.productimages",
    "pk": 26,
    "fields": {
        "image_summary": "HP 15s main",
        "image": "Product Image/HP/HP 15s main/main.jpeg",
        "primary": true
    }
},
{
    "model": "products.productimages",
    "pk": 27,
    "fields": {
        "image_summary": "HP 15s side",
        "image": "Product Image/HP/HP 15s side/side.jpeg",
        "primary": false
    }
},
{
    "model": "products.productimages",
    "pk": 28,
    "fields": {
        "image_summary": "HP 15s back",
        "image": "Product Image/HP/HP 15s back/back.jpeg",
        "primary": false
    }
},
{
    "model": "products.productimages",
    "pk": 29,
    "fields": {
        "image_summary": "HP 15s closed",
        "image": "Product Image/HP/HP 15s closed/closed.jpeg",
        "primary": false
    }
},
{
    "model": "products.productimages",
    "pk": 30,
    "fields": {
        "image_summary": "Lenovo ThinkPad E14 main",
        "image": "Product Image/Lenovo/Lenovo ThinkPad E14 main/main.jpeg",
        "primary": true
    }
},
{
    "model": "products.productimages",
    "pk": 31,
    "fields": {
        "image_summary": "Lenovo ThinkPad E14 touchID",
        "image": "Product Image/Lenovo/Lenovo ThinkPad E14 touchID/touch_id.jpeg",
        "primary": false
    }
},
{
    "model": "products.productimages",
    "pk": 32,
    "fields": {
        "image_summary": "Lenovo ThinkPad E14 feature_one",
        "image": "Product Image/Lenovo/Lenovo ThinkPad E14 feature_one/features_one.jpeg",
        "primary": false
    }
},
{
    "model": "products.productimages",
    "pk": 33,
    "fields": {
        "image_summary": "Lenovo ThinkPad E14 feature_two",
        "image": "Product Image/Lenovo/Lenovo ThinkPad E14 feature_two/features_two.jpeg",
        "primary": false
    }
},
{
    "model": "products.productimages",
    "pk": 34,
    "fields": {
        "image_summary": "Lenovo ThinkPad E14 feature_three",
        "image": "Product Image/Lenovo/Lenovo ThinkPad E14 feature_three/features_three.jpeg",
        "primary": false
    }
},
{
    "model": "products.productimages",
    "pk": 35,
    "fields": {
        "image_summary": "SAMSUNG The Frame main",
        "image": "Product Image/SAMSUNG/SAMSUNG The Frame/main.jpeg",
        "primary": true
    }
},
{
    "model": "products.productimages",
    "pk": 36,
    "fields": {
        "image_summary": "SAMSUNG The Frame edge",
        "image": "Product Image/SAMSUNG/SAMSUNG The Frame/edge.jpeg",
        "primary": false
    }
},
{
    "model": "products.productimages",
    "pk": 38,
    "fields": {
        "image_summary": "SAMSUNG The Frame feature_one",
        "image": "Product Image/SAMSUNG/SAMSUNG The Frame frature_one/feature_one_ovzy7n0.jpeg",
        "primary": false
    }
},
{
    "model": "products.productimages",
    "pk": 39,
    "fields": {
        "image_summary": "SAMSUNG The Frame feature_two",
        "image": "Product Image/SAMSUNG/SAMSUNG The Frame feature_two/feature_two.jpeg",
        "primary": false
    }
},
{
    "model": "products.productimages",
    "pk": 40,
    "fields": {
        "image_summary": "SAMSUNG The Frame front",
        "image": "Product Image/SAMSUNG/SAMSUNG The Frame front/front.jpeg",
        "primary": false
    }
},
{
    "model": "products.productimages",
    "pk": 41,
    "fields": {
        "image_summary": "SAMSUNG The Frame back",
        "image": "Product Image/SAMSUNG/SAMSUNG The Frame back/back.jpeg",
        "primary": false
    }
},
{
    "model": "products.productimages",
    "pk": 42,
    "fields": {
        "image_summary": "SAMSUNG The Frame remote",
        "image": "Product Image/SAMSUNG/SAMSUNG The Frame remote/remote.jpeg",
        "primary": false
    }
},
{
    "model": "products.productimages",
    "pk": 43,
    "fields": {
        "image_summary": "SAMSUNG The Frame side",
        "image": "Product Image/SAMSUNG/SAMSUNG The Frame side/side.jpeg",
        "primary": false
    }
}
]
