[
{
    "model": "products.productcolor",
    "pk": 2,
    "fields": {
        "slug": "red",
        "name": "RED"
    }
},
{
    "model": "products.productcolor",
    "pk": 3,
    "fields": {
        "slug": "yellow",
        "name": "Yellow"
    }
},
{
    "model": "products.productcolor",
    "pk": 4,
    "fields": {
        "slug": "green",
        "name": "GREEN"
    }
},
{
    "model": "products.productcolor",
    "pk": 5,
    "fields": {
        "slug": "blue",
        "name": "BLUE"
    }
},
{
    "model": "products.productcolor",
    "pk": 6,
    "fields": {
        "slug": "navy-blue",
        "name": "NAVY BLUE"
    }
},
{
    "model": "products.productcolor",
    "pk": 7,
    "fields": {
        "slug": "black",
        "name": "BLACK"
    }
},
{
    "model": "products.productcolor",
    "pk": 8,
    "fields": {
        "slug": "white",
        "name": "WHITE"
    }
},
{
    "model": "products.productcolor",
    "pk": 9,
    "fields": {
        "slug": "purple",
        "name": "PURPLE"
    }
},
{
    "model": "products.productcolor",
    "pk": 10,
    "fields": {
        "slug": "brown",
        "name": "BROWN"
    }
},
{
    "model": "products.productcolor",
    "pk": 11,
    "fields": {
        "slug": "grey",
        "name": "GREY"
    }
},
{
    "model": "products.productcolor",
    "pk": 12,
    "fields": {
        "slug": "gold",
        "name": "GOLD"
    }
},
{
    "model": "products.productcolor",
    "pk": 13,
    "fields": {
        "slug": "space-grey",
        "name": "SPACE GREY"
    }
},
{
    "model": "products.screentype",
    "pk": 1,
    "fields": {
        "name": "LCD"
    }
},
{
    "model": "products.screentype",
    "pk": 2,
    "fields": {
        "name": "LED"
    }
},
{
    "model": "products.screentype",
    "pk": 8,
    "fields": {
        "name": "OLED"
    }
},
{
    "model": "products.screentype",
    "pk": 9,
    "fields": {
        "name": "QLED"
    }
},
{
    "model": "products.displaytype",
    "pk": 1,
    "fields": {
        "name": "Full HD+ Super AMOLED Display"
    }
},
{
    "model": "products.displaytype",
    "pk": 2,
    "fields": {
        "name": "Dynamic AMOLED Infinity-O Display"
    }
},
{
    "model": "products.displaytype",
    "pk": 3,
    "fields": {
        "name": "Retina HD Display"
    }
},
{
    "model": "products.displaytype",
    "pk": 4,
    "fields": {
        "name": "All-screen LCD Multi-touch Display with IPS Technology"
    }
},
{
    "model": "products.displaytype",
    "pk": 5,
    "fields": {
        "name": "Super Retina XDR Display"
    }
},
{
    "model": "products.displaytype",
    "pk": 6,
    "fields": {
        "name": "OLED"
    }
},
{
    "model": "products.displaytype",
    "pk": 7,
    "fields": {
        "name": "LED"
    }
},
{
    "model": "products.displaytype",
    "pk": 8,
    "fields": {
        "name": "LCD"
    }
},
{
    "model": "products.displaytype",
    "pk": 9,
    "fields": {
        "name": "HD"
    }
},
{
    "model": "products.displaytype",
    "pk": 10,
    "fields": {
        "name": "HD+"
    }
},
{
    "model": "products.displaytype",
    "pk": 11,
    "fields": {
        "name": "Super HD"
    }
},
{
    "model": "products.mobilevariant",
    "pk": 1,
    "fields": {
        "name": "6GB / 64GB"
    }
},
{
    "model": "products.mobilevariant",
    "pk": 2,
    "fields": {
        "name": "4GB / 64GB"
    }
},
{
    "model": "products.mobilevariant",
    "pk": 3,
    "fields": {
        "name": "8GB / 64GB"
    }
},
{
    "model": "products.mobilevariant",
    "pk": 4,
    "fields": {
        "name": "3GB / 64GB"
    }
},
{
    "model": "products.mobilevariant",
    "pk": 5,
    "fields": {
        "name": "12GB / 64GB"
    }
},
{
    "model": "products.mobilevariant",
    "pk": 6,
    "fields": {
        "name": "4GB / 128gb"
    }
},
{
    "model": "products.mobilevariant",
    "pk": 7,
    "fields": {
        "name": "4GB / 256GB"
    }
},
{
    "model": "products.mobilevariant",
    "pk": 8,
    "fields": {
        "name": "6GB / 128gb"
    }
},
{
    "model": "products.mobilevariant",
    "pk": 9,
    "fields": {
        "name": "6GB / 256GB"
    }
},
{
    "model": "products.mobilevariant",
    "pk": 10,
    "fields": {
        "name": "8GB / 128GB"
    }
},
{
    "model": "products.mobilevariant",
    "pk": 11,
    "fields": {
        "name": "8GB / 256GB"
    }
},
{
    "model": "products.mobilevariant",
    "pk": 12,
    "fields": {
        "name": "12GB / 128GB"
    }
},
{
    "model": "products.mobilevariant",
    "pk": 13,
    "fields": {
        "name": "12GB / 256GB"
    }
},
{
    "model": "products.mobilevariant",
    "pk": 14,
    "fields": {
        "name": "3GB / 128GB"
    }
},
{
    "model": "products.operatingsystem",
    "pk": 1,
    "fields": {
        "slug": "windows-10-home",
        "name": "Windows 10 Home"
    }
},
{
    "model": "products.operatingsystem",
    "pk": 2,
    "fields": {
        "slug": "windows-10-pro",
        "name": "Windows 10 Professional"
    }
},
{
    "model": "products.operatingsystem",
    "pk": 3,
    "fields": {
        "slug": "ios-14",
        "name": "IOS 14"
    }
},
{
    "model": "products.operatingsystem",
    "pk": 4,
    "fields": {
        "slug": "ios-13",
        "name": "IOS 13"
    }
},
{
    "model": "products.operatingsystem",
    "pk": 5,
    "fields": {
        "slug": "ios-12",
        "name": "IOS 12"
    }
},
{
    "model": "products.operatingsystem",
    "pk": 6,
    "fields": {
        "slug": "android-11",
        "name": "Android 11"
    }
},
{
    "model": "products.operatingsystem",
    "pk": 7,
    "fields": {
        "slug": "android-android-q-10",
        "name": "Android Android Q 10"
    }
},
{
    "model": "products.operatingsystem",
    "pk": 8,
    "fields": {
        "slug": "android-10",
        "name": "Android 10"
    }
},
{
    "model": "products.operatingsystem",
    "pk": 9,
    "fields": {
        "slug": "android-9",
        "name": "Android 9"
    }
},
{
    "model": "products.washingmethod",
    "pk": 1,
    "fields": {
        "name": "3 Smart Motion"
    }
},
{
    "model": "products.washingmethod",
    "pk": 2,
    "fields": {
        "name": "Pulsator"
    }
},
{
    "model": "products.washingmethod",
    "pk": 3,
    "fields": {
        "name": "Agipellar Wash"
    }
},
{
    "model": "products.washingmethod",
    "pk": 4,
    "fields": {
        "name": "Tumble Wash"
    }
},
{
    "model": "products.actype",
    "pk": 1,
    "fields": {
        "name": "Split"
    }
},
{
    "model": "products.actype",
    "pk": 2,
    "fields": {
        "name": "Window"
    }
},
{
    "model": "products.actype",
    "pk": 3,
    "fields": {
        "name": "Portable"
    }
},
{
    "model": "products.productseries",
    "pk": 1,
    "fields": {
        "name": "Samsung Galaxy S"
    }
},
{
    "model": "products.productseries",
    "pk": 2,
    "fields": {
        "name": "Samsung Galaxy A"
    }
},
{
    "model": "products.productseries",
    "pk": 3,
    "fields": {
        "name": "Samsung Galaxy Note"
    }
},
{
    "model": "products.productseries",
    "pk": 4,
    "fields": {
        "name": "Samsung Galaxy J"
    }
},
{
    "model": "products.productseries",
    "pk": 5,
    "fields": {
        "name": "Macbook Pro"
    }
},
{
    "model": "products.productseries",
    "pk": 6,
    "fields": {
        "name": "Mackbook Air"
    }
},
{
    "model": "products.productseries",
    "pk": 7,
    "fields": {
        "name": "Thinkpad T Series"
    }
},
{
    "model": "products.productseries",
    "pk": 8,
    "fields": {
        "name": "Thinkpad Series"
    }
},
{
    "model": "products.productseries",
    "pk": 9,
    "fields": {
        "name": "Lenovo V Series"
    }
},
{
    "model": "products.productseries",
    "pk": 10,
    "fields": {
        "name": "Samsung Galaxy Books"
    }
},
{
    "model": "products.productseries",
    "pk": 11,
    "fields": {
        "name": "Microsoft Surface"
    }
},
{
    "model": "products.productseries",
    "pk": 12,
    "fields": {
        "name": "HP Pavilion"
    }
},
{
    "model": "products.productseries",
    "pk": 13,
    "fields": {
        "name": "HP Envy"
    }
},
{
    "model": "products.productseries",
    "pk": 14,
    "fields": {
        "name": "HP Spectre"
    }
},
{
    "model": "products.productseries",
    "pk": 15,
    "fields": {
        "name": "HP ProBook"
    }
},
{
    "model": "products.productseries",
    "pk": 16,
    "fields": {
        "name": "HP EliteBook"
    }
},
{
    "model": "products.productseries",
    "pk": 17,
    "fields": {
        "name": "HP Omen"
    }
},
{
    "model": "products.productseries",
    "pk": 18,
    "fields": {
        "name": "HP Chromebook"
    }
},
{
    "model": "products.productseries",
    "pk": 19,
    "fields": {
        "name": "HP Stream"
    }
},
{
    "model": "products.productseries",
    "pk": 20,
    "fields": {
        "name": "APPLE iPhone SE"
    }
},
{
    "model": "products.productseries",
    "pk": 21,
    "fields": {
        "name": "APPLE iPhone 12"
    }
},
{
    "model": "products.refrigeratortype",
    "pk": 1,
    "fields": {
        "name": "Double Door"
    }
},
{
    "model": "products.refrigeratortype",
    "pk": 2,
    "fields": {
        "name": "Triple Door"
    }
},
{
    "model": "products.refrigeratortype",
    "pk": 3,
    "fields": {
        "name": "Single Door"
    }
},
{
    "model": "products.speakertype",
    "pk": 1,
    "fields": {
        "name": "Speakers"
    }
},
{
    "model": "products.speakertype",
    "pk": 2,
    "fields": {
        "name": "Bluetooth Speakers"
    }
},
{
    "model": "products.speakertype",
    "pk": 3,
    "fields": {
        "name": "Home Theatres"
    }
},
{
    "model": "products.simtype",
    "pk": 1,
    "fields": {
        "name": "Dual Sim"
    }
},
{
    "model": "products.simtype",
    "pk": 2,
    "fields": {
        "name": "Single Sim"
    }
},
{
    "model": "products.productmobilefeatures",
    "pk": 1,
    "fields": {
        "display_size": "11.94 cm (4.7 inch)",
        "display_type": 3,
        "resolution": "1334 x 750 Pixels",
        "sim_type": 1,
        "touchscreen": true,
        "smart_phone": true,
        "battery_capicity": "1,821mAh",
        "os": 4,
        "ram": "3 GB",
        "series": 20
    }
},
{
    "model": "products.productmobilefeatures",
    "pk": 2,
    "fields": {
        "display_size": "15.49 cm (6.1 inch)",
        "display_type": 5,
        "resolution": "2532 x 1170 Pixels",
        "sim_type": 2,
        "touchscreen": true,
        "smart_phone": true,
        "battery_capicity": "2815 mAh",
        "os": 3,
        "ram": "4 GB",
        "series": 21
    }
},
{
    "model": "products.productspecification",
    "pk": 3,
    "fields": {
        "in_box": "iPhone, USB-C to Lightning Cable, Documentation",
        "launched_date": "2021-08-08",
        "model_no": "MHGQ3HN/A",
        "model_name": "iPhone SE",
        "mobile": 1,
        "laptop": null,
        "tv": null,
        "washing_machine": null,
        "ac": null,
        "refrigerator": null,
        "speaker": null
    }
},
{
    "model": "products.productspecification",
    "pk": 5,
    "fields": {
        "in_box": "iPhone, USB-C to Lightning Cable, Documentation",
        "launched_date": "2021-08-23",
        "model_no": "MGJC3HN/A",
        "model_name": "iPhone 12",
        "mobile": 2,
        "laptop": null,
        "tv": null,
        "washing_machine": null,
        "ac": null,
        "refrigerator": null,
        "speaker": null
    }
},
{
    "model": "products.productwarranty",
    "pk": 1,
    "fields": {
        "summary": "Brand Warranty of 1 Year",
        "covered": "6 Month Accessories Warranty and 1 Year Mobile Warranty",
        "not_covered": "Broken Display not covered under warranty"
    }
},
{
    "model": "products.product",
    "pk": 1,
    "fields": {
        "created": "2021-08-08T15:33:16.910Z",
        "updated": "2021-08-08T15:33:16.910Z",
        "uuid": "bdff80c7-f1d2-484e-a82a-cf2231b7fac5",
        "brand": 2,
        "product_code": "MBL",
        "name": "APPLE iPhone SE",
        "slug": "apple-iphone-se",
        "seller": [
            "admin"
        ],
        "subcategory": 1,
        "description": "",
        "overall_rating": "0.0",
        "replacement_days": 10,
        "warranty": 1,
        "weight": "148",
        "specification": 3
    }
},
{
    "model": "products.product",
    "pk": 2,
    "fields": {
        "created": "2021-08-23T15:01:31.649Z",
        "updated": "2021-08-23T15:01:31.649Z",
        "uuid": "2740ef5c-97c6-4d21-b633-45b0e4916fea",
        "brand": 2,
        "product_code": "MBL",
        "name": "APPLE iPhone 12",
        "slug": "apple-iphone-12",
        "seller": [
            "admin"
        ],
        "subcategory": 1,
        "description": "",
        "overall_rating": "0.0",
        "replacement_days": 10,
        "warranty": 1,
        "weight": "162 g",
        "specification": 5
    }
},
{
    "model": "products.fashionsize",
    "pk": 1,
    "fields": {
        "name": "SMALL",
        "code": "S"
    }
},
{
    "model": "products.fashionsize",
    "pk": 2,
    "fields": {
        "name": "EXTRA SMALL",
        "code": "XS"
    }
},
{
    "model": "products.fashionsize",
    "pk": 3,
    "fields": {
        "name": "MEDIUM",
        "code": "M"
    }
},
{
    "model": "products.fashionsize",
    "pk": 4,
    "fields": {
        "name": "LARGE",
        "code": "L"
    }
},
{
    "model": "products.fashionsize",
    "pk": 5,
    "fields": {
        "name": "EXTRA LARGE",
        "code": "XL"
    }
},
{
    "model": "products.fashionsize",
    "pk": 6,
    "fields": {
        "name": "DOUBLE EXTRA LARGE",
        "code": "XXL"
    }
},
{
    "model": "products.productvariation",
    "pk": 1,
    "fields": {
        "uuid": "54b5423d-f00a-43c1-a605-584c932b9f92",
        "PID": "MBLOGTKIADMSGKIKZJ",
        "product": 1,
        "retail_price": "39900.00",
        "price": "32999.00",
        "color": 7,
        "active": true,
        "available_stock": 10,
        "variant": 4,
        "size": null,
        "images": [
            1,
            2,
            3,
            4
        ]
    }
},
{
    "model": "products.productvariation",
    "pk": 2,
    "fields": {
        "uuid": "0f959fb0-4227-4145-b738-05b34f4cdb38",
        "PID": "MBLEWRGZAVMRISCPOF",
        "product": 1,
        "retail_price": "44900.00",
        "price": "34999.00",
        "color": 2,
        "active": true,
        "available_stock": 10,
        "variant": 14,
        "size": null,
        "images": [
            8,
            5,
            6,
            7
        ]
    }
},
{
    "model": "products.productvariation",
    "pk": 3,
    "fields": {
        "uuid": "7ac4a8c4-59d3-4caa-8457-f0fe00ca9db3",
        "PID": "MBLPYPMBGCAATDWXSN",
        "product": 1,
        "retail_price": "39900.00",
        "price": "32999.00",
        "color": 8,
        "active": true,
        "available_stock": 9,
        "variant": 4,
        "size": null,
        "images": [
            9,
            10,
            11,
            12
        ]
    }
},
{
    "model": "products.productimages",
    "pk": 1,
    "fields": {
        "image_summary": "black main",
        "image": "test/front.jpeg",
        "primary": true
    }
},
{
    "model": "products.productimages",
    "pk": 2,
    "fields": {
        "image_summary": "black camera",
        "image": "test/camera.jpeg",
        "primary": false
    }
},
{
    "model": "products.productimages",
    "pk": 3,
    "fields": {
        "image_summary": "black back",
        "image": "test/back_Ux7JcGz.jpeg",
        "primary": false
    }
},
{
    "model": "products.productimages",
    "pk": 4,
    "fields": {
        "image_summary": "black side",
        "image": "test/side.jpeg",
        "primary": false
    }
},
{
    "model": "products.productimages",
    "pk": 5,
    "fields": {
        "image_summary": "red main",
        "image": "test/front_bDLw6AT.jpeg",
        "primary": true
    }
},
{
    "model": "products.productimages",
    "pk": 6,
    "fields": {
        "image_summary": "red back",
        "image": "test/back_9qtDpCX.jpeg",
        "primary": false
    }
},
{
    "model": "products.productimages",
    "pk": 7,
    "fields": {
        "image_summary": "red side",
        "image": "test/side_tze75A9.jpeg",
        "primary": false
    }
},
{
    "model": "products.productimages",
    "pk": 8,
    "fields": {
        "image_summary": "red camera",
        "image": "test/camera_q2sOklQ.jpeg",
        "primary": false
    }
},
{
    "model": "products.productimages",
    "pk": 9,
    "fields": {
        "image_summary": "White main",
        "image": "test/front_ATLc10X.jpeg",
        "primary": true
    }
},
{
    "model": "products.productimages",
    "pk": 10,
    "fields": {
        "image_summary": "white side",
        "image": "test/side_2quDWNn.jpeg",
        "primary": false
    }
},
{
    "model": "products.productimages",
    "pk": 11,
    "fields": {
        "image_summary": "white camera",
        "image": "test/camera_ZBIrxrF.jpeg",
        "primary": false
    }
},
{
    "model": "products.productimages",
    "pk": 12,
    "fields": {
        "image_summary": "white back",
        "image": "test/back_N0dq2jC.jpeg",
        "primary": false
    }
}
]
