[
{
    "model": "products.productcolor",
    "pk": 2,
    "fields": {
        "slug": "red",
        "name": "Red"
    }
},
{
    "model": "products.productcolor",
    "pk": 3,
    "fields": {
        "slug": "yellow",
        "name": "Yellow"
    }
},
{
    "model": "products.productcolor",
    "pk": 4,
    "fields": {
        "slug": "green",
        "name": "Green"
    }
},
{
    "model": "products.productcolor",
    "pk": 5,
    "fields": {
        "slug": "blue",
        "name": "Blue"
    }
},
{
    "model": "products.productcolor",
    "pk": 6,
    "fields": {
        "slug": "navy-blue",
        "name": "Navy Blue"
    }
},
{
    "model": "products.productcolor",
    "pk": 7,
    "fields": {
        "slug": "black",
        "name": "Black"
    }
},
{
    "model": "products.productcolor",
    "pk": 8,
    "fields": {
        "slug": "white",
        "name": "White"
    }
},
{
    "model": "products.productcolor",
    "pk": 9,
    "fields": {
        "slug": "purple",
        "name": "Purple"
    }
},
{
    "model": "products.productcolor",
    "pk": 10,
    "fields": {
        "slug": "brown",
        "name": "Brown"
    }
},
{
    "model": "products.productcolor",
    "pk": 11,
    "fields": {
        "slug": "grey",
        "name": "Grey"
    }
},
{
    "model": "products.productcolor",
    "pk": 12,
    "fields": {
        "slug": "gold",
        "name": "Gold"
    }
},
{
    "model": "products.productcolor",
    "pk": 13,
    "fields": {
        "slug": "space-grey",
        "name": "Space Grey"
    }
},
{
    "model": "products.productcolor",
    "pk": 14,
    "fields": {
        "slug": "jet-black",
        "name": "Jet Black"
    }
},
{
    "model": "products.productcolor",
    "pk": 15,
    "fields": {
        "slug": "silver",
        "name": "Silver"
    }
},
{
    "model": "products.productcolor",
    "pk": 16,
    "fields": {
        "slug": "purple-glow",
        "name": "Purple Glow"
    }
},
{
    "model": "products.productcolor",
    "pk": 17,
    "fields": {
        "slug": "blue-charm",
        "name": "Blue Charm"
    }
},
{
    "model": "products.productcolor",
    "pk": 18,
    "fields": {
        "slug": "cloud-navy",
        "name": "Cloud Navy"
    }
},
{
    "model": "products.screentype",
    "pk": 1,
    "fields": {
        "name": "LCD"
    }
},
{
    "model": "products.screentype",
    "pk": 2,
    "fields": {
        "name": "LED"
    }
},
{
    "model": "products.screentype",
    "pk": 8,
    "fields": {
        "name": "OLED"
    }
},
{
    "model": "products.screentype",
    "pk": 9,
    "fields": {
        "name": "QLED"
    }
},
{
    "model": "products.displaytype",
    "pk": 1,
    "fields": {
        "name": "Full HD+ Super AMOLED Display"
    }
},
{
    "model": "products.displaytype",
    "pk": 2,
    "fields": {
        "name": "Dynamic AMOLED Infinity-O Display"
    }
},
{
    "model": "products.displaytype",
    "pk": 3,
    "fields": {
        "name": "Retina HD Display"
    }
},
{
    "model": "products.displaytype",
    "pk": 4,
    "fields": {
        "name": "All-screen LCD Multi-touch Display with IPS Technology"
    }
},
{
    "model": "products.displaytype",
    "pk": 5,
    "fields": {
        "name": "Super Retina XDR Display"
    }
},
{
    "model": "products.displaytype",
    "pk": 6,
    "fields": {
        "name": "OLED"
    }
},
{
    "model": "products.displaytype",
    "pk": 7,
    "fields": {
        "name": "LED"
    }
},
{
    "model": "products.displaytype",
    "pk": 8,
    "fields": {
        "name": "LCD"
    }
},
{
    "model": "products.displaytype",
    "pk": 9,
    "fields": {
        "name": "HD"
    }
},
{
    "model": "products.displaytype",
    "pk": 10,
    "fields": {
        "name": "HD+"
    }
},
{
    "model": "products.displaytype",
    "pk": 11,
    "fields": {
        "name": "Super HD"
    }
},
{
    "model": "products.displaytype",
    "pk": 12,
    "fields": {
        "name": "FHD LED Backlit Anti-glare Display"
    }
},
{
    "model": "products.mobilevariant",
    "pk": 1,
    "fields": {
        "name": "6GB/64GB"
    }
},
{
    "model": "products.mobilevariant",
    "pk": 2,
    "fields": {
        "name": "4GB/64GB"
    }
},
{
    "model": "products.mobilevariant",
    "pk": 3,
    "fields": {
        "name": "8GB/64GB"
    }
},
{
    "model": "products.mobilevariant",
    "pk": 4,
    "fields": {
        "name": "3GB/64GB"
    }
},
{
    "model": "products.mobilevariant",
    "pk": 5,
    "fields": {
        "name": "12GB/64GB"
    }
},
{
    "model": "products.mobilevariant",
    "pk": 6,
    "fields": {
        "name": "4GB/128gb"
    }
},
{
    "model": "products.mobilevariant",
    "pk": 7,
    "fields": {
        "name": "4GB/256GB"
    }
},
{
    "model": "products.mobilevariant",
    "pk": 8,
    "fields": {
        "name": "6GB/128gb"
    }
},
{
    "model": "products.mobilevariant",
    "pk": 9,
    "fields": {
        "name": "6GB/256GB"
    }
},
{
    "model": "products.mobilevariant",
    "pk": 10,
    "fields": {
        "name": "8GB/128GB"
    }
},
{
    "model": "products.mobilevariant",
    "pk": 11,
    "fields": {
        "name": "8GB/256GB"
    }
},
{
    "model": "products.mobilevariant",
    "pk": 12,
    "fields": {
        "name": "12GB/128GB"
    }
},
{
    "model": "products.mobilevariant",
    "pk": 13,
    "fields": {
        "name": "12GB/256GB"
    }
},
{
    "model": "products.mobilevariant",
    "pk": 14,
    "fields": {
        "name": "3GB/128GB"
    }
},
{
    "model": "products.laptopvariant",
    "pk": 1,
    "fields": {
        "name": "8GB/1TB HDD"
    }
},
{
    "model": "products.laptopvariant",
    "pk": 2,
    "fields": {
        "name": "8GB/256GB SDD"
    }
},
{
    "model": "products.tvvariant",
    "pk": 2,
    "fields": {
        "display_size": "65"
    }
},
{
    "model": "products.tvvariant",
    "pk": 3,
    "fields": {
        "display_size": "55"
    }
},
{
    "model": "products.tvvariant",
    "pk": 4,
    "fields": {
        "display_size": "50"
    }
},
{
    "model": "products.tvvariant",
    "pk": 5,
    "fields": {
        "display_size": "43"
    }
},
{
    "model": "products.accapacityvariant",
    "pk": 1,
    "fields": {
        "capacity": "1 Ton"
    }
},
{
    "model": "products.accapacityvariant",
    "pk": 2,
    "fields": {
        "capacity": "1.5 Ton"
    }
},
{
    "model": "products.accapacityvariant",
    "pk": 3,
    "fields": {
        "capacity": "2 Ton"
    }
},
{
    "model": "products.acstarratingvariant",
    "pk": 1,
    "fields": {
        "star": "3 Star"
    }
},
{
    "model": "products.acstarratingvariant",
    "pk": 2,
    "fields": {
        "star": "4 Star"
    }
},
{
    "model": "products.acstarratingvariant",
    "pk": 3,
    "fields": {
        "star": "5 Star"
    }
},
{
    "model": "products.bookvariant",
    "pk": 1,
    "fields": {
        "name": "E-Book"
    }
},
{
    "model": "products.bookvariant",
    "pk": 2,
    "fields": {
        "name": "Paperback"
    }
},
{
    "model": "products.operatingsystem",
    "pk": 1,
    "fields": {
        "slug": "windows-10-home",
        "name": "Windows 10 Home"
    }
},
{
    "model": "products.operatingsystem",
    "pk": 2,
    "fields": {
        "slug": "windows-10-pro",
        "name": "Windows 10 Professional"
    }
},
{
    "model": "products.operatingsystem",
    "pk": 3,
    "fields": {
        "slug": "ios-14",
        "name": "IOS 14"
    }
},
{
    "model": "products.operatingsystem",
    "pk": 4,
    "fields": {
        "slug": "ios-13",
        "name": "IOS 13"
    }
},
{
    "model": "products.operatingsystem",
    "pk": 5,
    "fields": {
        "slug": "ios-12",
        "name": "IOS 12"
    }
},
{
    "model": "products.operatingsystem",
    "pk": 6,
    "fields": {
        "slug": "android-11",
        "name": "Android 11"
    }
},
{
    "model": "products.operatingsystem",
    "pk": 7,
    "fields": {
        "slug": "android-android-q-10",
        "name": "Android Android Q 10"
    }
},
{
    "model": "products.operatingsystem",
    "pk": 8,
    "fields": {
        "slug": "android-10",
        "name": "Android 10"
    }
},
{
    "model": "products.operatingsystem",
    "pk": 9,
    "fields": {
        "slug": "android-9",
        "name": "Android 9"
    }
},
{
    "model": "products.washingmethod",
    "pk": 1,
    "fields": {
        "name": "3 Smart Motion"
    }
},
{
    "model": "products.washingmethod",
    "pk": 2,
    "fields": {
        "name": "Pulsator"
    }
},
{
    "model": "products.washingmethod",
    "pk": 3,
    "fields": {
        "name": "Agipellar Wash"
    }
},
{
    "model": "products.washingmethod",
    "pk": 4,
    "fields": {
        "name": "Tumble Wash"
    }
},
{
    "model": "products.actype",
    "pk": 1,
    "fields": {
        "name": "Split"
    }
},
{
    "model": "products.actype",
    "pk": 2,
    "fields": {
        "name": "Window"
    }
},
{
    "model": "products.actype",
    "pk": 3,
    "fields": {
        "name": "Portable"
    }
},
{
    "model": "products.productseries",
    "pk": 1,
    "fields": {
        "name": "Samsung Galaxy S"
    }
},
{
    "model": "products.productseries",
    "pk": 2,
    "fields": {
        "name": "Samsung Galaxy A"
    }
},
{
    "model": "products.productseries",
    "pk": 3,
    "fields": {
        "name": "Samsung Galaxy Note"
    }
},
{
    "model": "products.productseries",
    "pk": 4,
    "fields": {
        "name": "Samsung Galaxy J"
    }
},
{
    "model": "products.productseries",
    "pk": 5,
    "fields": {
        "name": "Macbook Pro"
    }
},
{
    "model": "products.productseries",
    "pk": 6,
    "fields": {
        "name": "Mackbook Air"
    }
},
{
    "model": "products.productseries",
    "pk": 7,
    "fields": {
        "name": "Thinkpad T Series"
    }
},
{
    "model": "products.productseries",
    "pk": 8,
    "fields": {
        "name": "Thinkpad Series"
    }
},
{
    "model": "products.productseries",
    "pk": 9,
    "fields": {
        "name": "Lenovo V Series"
    }
},
{
    "model": "products.productseries",
    "pk": 10,
    "fields": {
        "name": "Samsung Galaxy Books"
    }
},
{
    "model": "products.productseries",
    "pk": 11,
    "fields": {
        "name": "Microsoft Surface"
    }
},
{
    "model": "products.productseries",
    "pk": 12,
    "fields": {
        "name": "HP Pavilion"
    }
},
{
    "model": "products.productseries",
    "pk": 13,
    "fields": {
        "name": "HP Envy"
    }
},
{
    "model": "products.productseries",
    "pk": 14,
    "fields": {
        "name": "HP Spectre"
    }
},
{
    "model": "products.productseries",
    "pk": 15,
    "fields": {
        "name": "HP ProBook"
    }
},
{
    "model": "products.productseries",
    "pk": 16,
    "fields": {
        "name": "HP EliteBook"
    }
},
{
    "model": "products.productseries",
    "pk": 17,
    "fields": {
        "name": "HP Omen"
    }
},
{
    "model": "products.productseries",
    "pk": 18,
    "fields": {
        "name": "HP Chromebook"
    }
},
{
    "model": "products.productseries",
    "pk": 19,
    "fields": {
        "name": "HP Stream"
    }
},
{
    "model": "products.productseries",
    "pk": 20,
    "fields": {
        "name": "APPLE iPhone SE"
    }
},
{
    "model": "products.productseries",
    "pk": 21,
    "fields": {
        "name": "APPLE iPhone 12"
    }
},
{
    "model": "products.productseries",
    "pk": 22,
    "fields": {
        "name": "ThinkPad E14 Gen2"
    }
},
{
    "model": "products.productseries",
    "pk": 23,
    "fields": {
        "name": "HP 15s"
    }
},
{
    "model": "products.productseries",
    "pk": 24,
    "fields": {
        "name": "The Frame 2021 Series"
    }
},
{
    "model": "products.refrigeratortype",
    "pk": 1,
    "fields": {
        "name": "Double Door"
    }
},
{
    "model": "products.refrigeratortype",
    "pk": 2,
    "fields": {
        "name": "Triple Door"
    }
},
{
    "model": "products.refrigeratortype",
    "pk": 3,
    "fields": {
        "name": "Single Door"
    }
},
{
    "model": "products.speakertype",
    "pk": 1,
    "fields": {
        "name": "Speakers"
    }
},
{
    "model": "products.speakertype",
    "pk": 2,
    "fields": {
        "name": "Bluetooth Speakers"
    }
},
{
    "model": "products.speakertype",
    "pk": 3,
    "fields": {
        "name": "Home Theatres"
    }
},
{
    "model": "products.simtype",
    "pk": 1,
    "fields": {
        "name": "Dual Sim"
    }
},
{
    "model": "products.simtype",
    "pk": 2,
    "fields": {
        "name": "Single Sim"
    }
},
{
    "model": "products.productmobilefeatures",
    "pk": 1,
    "fields": {
        "display_size": "11.94 cm (4.7 inch)",
        "display_type": 3,
        "resolution": "1334 x 750 Pixels",
        "sim_type": 1,
        "touchscreen": true,
        "smart_phone": true,
        "battery_capicity": "1,821mAh",
        "os": 4,
        "ram": "3 GB",
        "series": 20
    }
},
{
    "model": "products.productmobilefeatures",
    "pk": 2,
    "fields": {
        "display_size": "15.49 cm (6.1 inch)",
        "display_type": 5,
        "resolution": "2532 x 1170 Pixels",
        "sim_type": 2,
        "touchscreen": true,
        "smart_phone": true,
        "battery_capicity": "2815 mAh",
        "os": 3,
        "ram": "4 GB",
        "series": 21
    }
},
{
    "model": "products.productmobilefeatures",
    "pk": 3,
    "fields": {
        "display_size": "6.5 inches",
        "display_type": 1,
        "resolution": "1080 x 2400 (FHD+) Resolution.",
        "sim_type": 1,
        "touchscreen": true,
        "smart_phone": true,
        "battery_capicity": "4500 mAh",
        "os": 6,
        "ram": "12 GB",
        "series": 1
    }
},
{
    "model": "products.productlaptopfeatures",
    "pk": 1,
    "fields": {
        "display_size": "35.56 cm (14 inch)",
        "display_type": 12,
        "series": 22,
        "os": 1,
        "processor": "Ryzen 5 Hexa Core",
        "resolution": "1920X1080 Pixel",
        "battery_backup": "Upto 13 hours",
        "touchscreen": false
    }
},
{
    "model": "products.productlaptopfeatures",
    "pk": 2,
    "fields": {
        "display_size": "39.62 cm (15.6 Inch)",
        "display_type": 12,
        "series": 23,
        "os": 1,
        "processor": "Intel Core i3 10th Gen",
        "resolution": "1920 x 1080 Pixel",
        "battery_backup": "Upto 12 hours",
        "touchscreen": false
    }
},
{
    "model": "products.producttelivisionfeatures",
    "pk": 1,
    "fields": {
        "display_size": "163 cm (65 inch)",
        "series": 24,
        "screen_type": 8,
        "is_3d": false,
        "is_curved": false,
        "has_wify": true,
        "usb_count": 2,
        "refresh_rate": "120 Hz",
        "includes_wallmount": true
    }
},
{
    "model": "products.productwashingmachinefeatures",
    "pk": 1,
    "fields": {
        "energy_rating": 5,
        "washing_capicity": 8,
        "washing_method": 4,
        "has_inbuilt_heater": true
    }
},
{
    "model": "products.productairconditionerfeature",
    "pk": 1,
    "fields": {
        "type": 1,
        "compressor": "Rotary",
        "cooling_capacity": 5000,
        "series": null,
        "cooling_coverage_area": "450 Square Feet sq ft"
    }
},
{
    "model": "products.productrefrigeratorfeature",
    "pk": 1,
    "fields": {
        "capacity": "200 L",
        "energy_rating": 4,
        "compressor_type": "Smart Inverter Compressor",
        "type": 3,
        "stabilizer_required": false
    }
},
{
    "model": "products.productspeakersfeatures",
    "pk": 1,
    "fields": {
        "power_output": "",
        "frequency_response": null,
        "has_bluetooth": true,
        "type": 2
    }
},
{
    "model": "products.productspecification",
    "pk": 3,
    "fields": {
        "in_box": "iPhone, USB-C to Lightning Cable, Documentation",
        "launched_date": "2021-08-08",
        "model_no": "MHGQ3HN/A",
        "model_name": "iPhone SE",
        "mobile": 1,
        "laptop": null,
        "tv": null,
        "washing_machine": null,
        "ac": null,
        "refrigerator": null,
        "speaker": null
    }
},
{
    "model": "products.productspecification",
    "pk": 5,
    "fields": {
        "in_box": "iPhone, USB-C to Lightning Cable, Documentation",
        "launched_date": "2021-08-23",
        "model_no": "MGJC3HN/A",
        "model_name": "iPhone 12",
        "mobile": 2,
        "laptop": null,
        "tv": null,
        "washing_machine": null,
        "ac": null,
        "refrigerator": null,
        "speaker": null
    }
},
{
    "model": "products.productspecification",
    "pk": 6,
    "fields": {
        "in_box": "Laptop, Power Adaptor, User Guide, Warranty Documents",
        "launched_date": "2021-08-24",
        "model_no": "E14",
        "model_name": "ThinkPad E14",
        "mobile": null,
        "laptop": 1,
        "tv": null,
        "washing_machine": null,
        "ac": null,
        "refrigerator": null,
        "speaker": null
    }
},
{
    "model": "products.productspecification",
    "pk": 7,
    "fields": {
        "in_box": "Laptop, Power Adaptor, User Guide, Warranty Documents",
        "launched_date": "2021-08-24",
        "model_no": "15s-DU1066TU",
        "model_name": "HP 15s",
        "mobile": null,
        "laptop": 2,
        "tv": null,
        "washing_machine": null,
        "ac": null,
        "refrigerator": null,
        "speaker": null
    }
},
{
    "model": "products.productspecification",
    "pk": 8,
    "fields": {
        "in_box": "1 LED TV, 1 Power Cord, 1 Remocon, 2 Stand-Top, 1 OC",
        "launched_date": "2021-08-26",
        "model_no": "QA65LS03AAKLXL",
        "model_name": "The Frame 2021 Series",
        "mobile": null,
        "laptop": null,
        "tv": 1,
        "washing_machine": null,
        "ac": null,
        "refrigerator": null,
        "speaker": null
    }
},
{
    "model": "products.productspecification",
    "pk": 9,
    "fields": {
        "in_box": "1 Speaker, Power Cord",
        "launched_date": "2021-08-26",
        "model_no": "500",
        "model_name": "Bose 500",
        "mobile": null,
        "laptop": null,
        "tv": null,
        "washing_machine": null,
        "ac": null,
        "refrigerator": null,
        "speaker": 1
    }
},
{
    "model": "products.productspecification",
    "pk": 10,
    "fields": {
        "in_box": "1 Washing Machine, Inlet Hose, User Manual",
        "launched_date": "2021-08-26",
        "model_no": "WAJ2426MIN",
        "model_name": "WAJ2426MIN",
        "mobile": null,
        "laptop": null,
        "tv": null,
        "washing_machine": 1,
        "ac": null,
        "refrigerator": null,
        "speaker": null
    }
},
{
    "model": "products.productspecification",
    "pk": 11,
    "fields": {
        "in_box": "1 Indoor Unit, 1 Outdoor Unit, Remote, User manual",
        "launched_date": "2021-08-26",
        "model_no": "AR18AYNZBBE/AR18AYNZBBENNA /AR18AYNZBBEXNA",
        "model_name": "AR18AYNZBBE/AR18AYNZBBENNA /AR18AYNZBBEXNA",
        "mobile": null,
        "laptop": null,
        "tv": null,
        "washing_machine": null,
        "ac": 1,
        "refrigerator": null,
        "speaker": null
    }
},
{
    "model": "products.productspecification",
    "pk": 13,
    "fields": {
        "in_box": "1 Refrigerator Unit, Owner's Manual",
        "launched_date": "2021-08-26",
        "model_no": "GL-B221APGY",
        "model_name": "GL-B221APGY",
        "mobile": null,
        "laptop": null,
        "tv": null,
        "washing_machine": null,
        "ac": null,
        "refrigerator": 1,
        "speaker": null
    }
},
{
    "model": "products.productspecification",
    "pk": 14,
    "fields": {
        "in_box": "Asian Paints",
        "launched_date": "2021-08-27",
        "model_no": "TE-3",
        "model_name": "Asian Paints white Emulsion",
        "mobile": null,
        "laptop": null,
        "tv": null,
        "washing_machine": null,
        "ac": null,
        "refrigerator": null,
        "speaker": null
    }
},
{
    "model": "products.productspecification",
    "pk": 15,
    "fields": {
        "in_box": "Auric Mens Energy pack of 3",
        "launched_date": "2021-08-27",
        "model_no": null,
        "model_name": "Mens Energy",
        "mobile": null,
        "laptop": null,
        "tv": null,
        "washing_machine": null,
        "ac": null,
        "refrigerator": null,
        "speaker": null
    }
},
{
    "model": "products.productspecification",
    "pk": 16,
    "fields": {
        "in_box": "JavaScript – The Definitive Guide, 7e: Master the World's Most-Used Programming Language",
        "launched_date": "2021-08-27",
        "model_no": null,
        "model_name": "JavaScript – The Definitive Guide",
        "mobile": null,
        "laptop": null,
        "tv": null,
        "washing_machine": null,
        "ac": null,
        "refrigerator": null,
        "speaker": null
    }
},
{
    "model": "products.productspecification",
    "pk": 17,
    "fields": {
        "in_box": "‎Handset, Non-removable Battery Included, Travel Adapter, USB Cable, User Manual",
        "launched_date": "2021-12-26",
        "model_no": "S20FE5G",
        "model_name": "Samsung Galaxy S20 FE 5G",
        "mobile": 3,
        "laptop": null,
        "tv": null,
        "washing_machine": null,
        "ac": null,
        "refrigerator": null,
        "speaker": null
    }
},
{
    "model": "products.productspecification",
    "pk": 18,
    "fields": {
        "in_box": "Car Document Holder",
        "launched_date": "2021-12-26",
        "model_no": null,
        "model_name": "SHAFIRE Multifunction Car Sun Visor Organizer",
        "mobile": null,
        "laptop": null,
        "tv": null,
        "washing_machine": null,
        "ac": null,
        "refrigerator": null,
        "speaker": null
    }
},
{
    "model": "products.productspecification",
    "pk": 19,
    "fields": {
        "in_box": "pair of Steelbird gloves",
        "launched_date": "2021-12-26",
        "model_no": null,
        "model_name": "Steelbird Full Finger Bike Riding Gloves with Touch Screen Sensitivity at Thumb",
        "mobile": null,
        "laptop": null,
        "tv": null,
        "washing_machine": null,
        "ac": null,
        "refrigerator": null,
        "speaker": null
    }
},
{
    "model": "products.productspecification",
    "pk": 20,
    "fields": {
        "in_box": "1 Brake Lock",
        "launched_date": "2021-12-26",
        "model_no": "MHGQ3HN/ANEW",
        "model_name": "Rangwell Heavy Duty Bike Brake Lock",
        "mobile": null,
        "laptop": null,
        "tv": null,
        "washing_machine": null,
        "ac": null,
        "refrigerator": null,
        "speaker": null
    }
},
{
    "model": "products.productspecification",
    "pk": 21,
    "fields": {
        "in_box": "1 Wall Mount",
        "launched_date": "2021-12-26",
        "model_no": "MGJC3HN/AsaDWERF",
        "model_name": "Plantex Stainless Steel Wall Mount Shelf 2 Tier Bathroom Shelf/Rack with Towel Holder/Towel Hooks/Ba",
        "mobile": null,
        "laptop": null,
        "tv": null,
        "washing_machine": null,
        "ac": null,
        "refrigerator": null,
        "speaker": null
    }
},
{
    "model": "products.productspecification",
    "pk": 22,
    "fields": {
        "in_box": "1 Juice bottle",
        "launched_date": "2021-12-26",
        "model_no": "MHGQ3HN/Afgtyufghrw",
        "model_name": "A deliciously refreshing orange fruit drink",
        "mobile": null,
        "laptop": null,
        "tv": null,
        "washing_machine": null,
        "ac": null,
        "refrigerator": null,
        "speaker": null
    }
},
{
    "model": "products.productspecification",
    "pk": 23,
    "fields": {
        "in_box": "Get any 6 Cadbury chocolates from the following options -Silk Bubbly 50g, Silk Fruit & Nut 55g, Silk Roast Almond 58g, Silk Oreo 60g and Silk Plain 60g.",
        "launched_date": "2021-12-26",
        "model_no": "E14adad",
        "model_name": "Cadbury Silk Potli Gift Pack",
        "mobile": null,
        "laptop": null,
        "tv": null,
        "washing_machine": null,
        "ac": null,
        "refrigerator": null,
        "speaker": null
    }
},
{
    "model": "products.productspecification",
    "pk": 24,
    "fields": {
        "in_box": "1 Tropicana Orange",
        "launched_date": "2021-12-26",
        "model_no": "MGJC3HN/Aqwrwet",
        "model_name": "Tropicana Orange Delight",
        "mobile": null,
        "laptop": null,
        "tv": null,
        "washing_machine": null,
        "ac": null,
        "refrigerator": null,
        "speaker": null
    }
},
{
    "model": "products.productspecification",
    "pk": 25,
    "fields": {
        "in_box": "One Tropicana Litchi Delight Fruit Juice",
        "launched_date": "2021-12-26",
        "model_no": "MHGQ3HNSDafwdfc",
        "model_name": "Tropicana Litchi Delight Fruit Juice",
        "mobile": null,
        "laptop": null,
        "tv": null,
        "washing_machine": null,
        "ac": null,
        "refrigerator": null,
        "speaker": null
    }
},
{
    "model": "products.productspecification",
    "pk": 26,
    "fields": {
        "in_box": "One TypeScript: 62 book",
        "launched_date": "2021-12-26",
        "model_no": "MHGQ3HN/Adfdetyh",
        "model_name": "TypeScript: 62",
        "mobile": null,
        "laptop": null,
        "tv": null,
        "washing_machine": null,
        "ac": null,
        "refrigerator": null,
        "speaker": null
    }
},
{
    "model": "products.productspecification",
    "pk": 27,
    "fields": {
        "in_box": "Django 3 By Example:",
        "launched_date": "2021-12-26",
        "model_no": "MGJC3HN/Afgdyrtfyd",
        "model_name": "Django 3 By Example:",
        "mobile": null,
        "laptop": null,
        "tv": null,
        "washing_machine": null,
        "ac": null,
        "refrigerator": null,
        "speaker": null
    }
},
{
    "model": "products.productspecification",
    "pk": 28,
    "fields": {
        "in_box": "One book",
        "launched_date": "2021-12-26",
        "model_no": "MHGQ3HN/Agcyfyju",
        "model_name": "Learning React: Modern Patterns for Developing React Apps, Second Edition",
        "mobile": null,
        "laptop": null,
        "tv": null,
        "washing_machine": null,
        "ac": null,
        "refrigerator": null,
        "speaker": null
    }
},
{
    "model": "products.productwarranty",
    "pk": 1,
    "fields": {
        "summary": "Brand Warranty of 1 Year",
        "covered": "6 Month Accessories Warranty and 1 Year Mobile Warranty",
        "not_covered": "Broken Display not covered under warranty"
    }
},
{
    "model": "products.productwarranty",
    "pk": 2,
    "fields": {
        "summary": "1 Year Onsite Warranty",
        "covered": "Manufacturing Defects",
        "not_covered": "Physical Damage"
    }
},
{
    "model": "products.productwarranty",
    "pk": 3,
    "fields": {
        "summary": "1 Year Product Warranty and 1 Year Additional on Panel",
        "covered": "All Manufacturing Defects",
        "not_covered": "Warranty Does Not Cover Any External Accessories (Such as Battery, Cable, Carrying Bag), Damage Caused to the Product Due to Improper Installation by Customer, Normal Wear and Tear and Damages Caused to the Product by Accident, Lightening, Ingress of Water, Fire, Dropping or Excessive Shock, Any Damage Caused Due to Tampering of the Product by an Unauthorized Agent."
    }
},
{
    "model": "products.productwarranty",
    "pk": 4,
    "fields": {
        "summary": "1 year from date of invoice when bought from authorized seller",
        "covered": "Bose Corporation (\"Bose\") warrants your product against defects in materials and workmanship when purchased directly from Bose or a Bose authorised reseller. This warranty is extended only to the original end-use purchaser or the person receiving the product as a gift and shall not be extended to any other person or transferee",
        "not_covered": "defects or damage arising from improper use or maintenance, normal wear and tear, commercial use, accident or external causes. Unauthorised repair, modification or customisation of your product"
    }
},
{
    "model": "products.productwarranty",
    "pk": 5,
    "fields": {
        "summary": "2 Years Warranty on Product and 12 Years Warranty on Motor",
        "covered": "All Parts Excluding Outer Cabinet Ans Plastic Parts from the Date of Purchase Will Be Covered Under Warranty.all Manufacturing Defects Are Also Covered",
        "not_covered": "Parts: Outer Cabinet and Plastic Parts, Any Accessories External to the Product, The Product is not Used According to the Instructions Given in the Instructions Manual, Defects Caused by Improper Use as Determined by the Company Personnel, Modification or Alteration of Any Nature Made in the Electrical Circuitry or Physical Construction of the Set, Site (Where the Premises is Kept) Conditions That do not Confirm to the Recommended Operating Conditions of the Machine, The Serial Number is Remove"
    }
},
{
    "model": "products.productwarranty",
    "pk": 6,
    "fields": {
        "summary": "1 Year Comprehensive Warranty on Product, 1 Year on PCB, 1 Year on Condenser, 1 Year on Gas Recharge and 10 Years on Compressor from Samsung",
        "covered": "All Parts, Excluding Air Filter/ Front Grill & Plastic Parts (After Installation). The Warranty Covers Defective Materials and Workmanship From the Date of Purchase. Beyond the First Year of the Warranty Period\r\n\r\nOnly the Compressor Repair (Excluding Gas Filled Inside the Compressor) Will be Provided Free of Cost for 5 Years From Date of Purchase. Refrigerant Gas is Having Only One Year Warranty",
        "not_covered": "Parts: Air Filter/Front Grill is Not Covered in the Warranty After Installation. The Warranty Does Not Cover Installation/Demonstration. Accessories External to the System. Damage parts. The Product is Not Used According to the Instructions Given in the Instruction Manual. Defects Caused by Improper Use as Determined by the Company Personnel. Modification / Alteration of Any Nature is Made in the Electrical Circuitry or Physical Construction of the Set. Site (Premises Where the Product is Kept)"
    }
},
{
    "model": "products.productwarranty",
    "pk": 7,
    "fields": {
        "summary": "1 Year Warranty on Unit and 10 Years Warranty on Compressor from LG",
        "covered": "All Parts Excluding Plastic Parts, Glassware, Bulb and Tube from the Date of Purchase Against Defective Material and Workmanship",
        "not_covered": "Parts: Plastic / Glassware / Bulb / Tube. Any Accessories External to the Product. The Product is Not Used According to the Instructions Given in the Instructions Manual. Defects Caused by Improper Use as Determined by the Company Personnel. Modification or Alteration of Any Nature made in the Electrical Circuitry or Physical Construction of the Set. Site (Where the Premises is Kept) Conditions That do Not Confirm to the Recommended Operating Conditions of the Machine. The Serial Number is Remo"
    }
},
{
    "model": "products.product",
    "pk": 1,
    "fields": {
        "created": "2021-08-08T15:33:16.910Z",
        "updated": "2021-08-08T15:33:16.910Z",
        "uuid": "bdff80c7-f1d2-484e-a82a-cf2231b7fac5",
        "brand": 2,
        "product_code": "MBL",
        "name": "APPLE iPhone SE",
        "slug": "apple-iphone-se",
        "seller": [
            "admin"
        ],
        "subcategory": 1,
        "description": "",
        "overall_rating": "0.0",
        "replacement_days": 10,
        "warranty": 1,
        "weight": "148",
        "specification": 3
    }
},
{
    "model": "products.product",
    "pk": 2,
    "fields": {
        "created": "2021-08-23T15:01:31.649Z",
        "updated": "2021-08-23T15:01:31.649Z",
        "uuid": "2740ef5c-97c6-4d21-b633-45b0e4916fea",
        "brand": 2,
        "product_code": "MBL",
        "name": "APPLE iPhone 12",
        "slug": "apple-iphone-12",
        "seller": [
            "admin"
        ],
        "subcategory": 1,
        "description": "",
        "overall_rating": "0.0",
        "replacement_days": 10,
        "warranty": 1,
        "weight": "162 g",
        "specification": 5
    }
},
{
    "model": "products.product",
    "pk": 3,
    "fields": {
        "created": "2021-08-24T05:30:18.397Z",
        "updated": "2021-08-24T08:09:35.906Z",
        "uuid": "e2ffb734-bd35-4588-aab0-a71b39ca24da",
        "brand": 5,
        "product_code": "LPT",
        "name": "Lenovo ThinkPad E14 Gen2 Ryzen 5 Hexa Core 4650U 5th Gen",
        "slug": "lenovo-thinkpad-e14-gen2-ryzen-5-hexa-core-4650u-5th-gen",
        "seller": [
            "admin"
        ],
        "subcategory": 3,
        "description": "From attending online classes and virtual meetings to playing games and watching movies, the Lenovo",
        "overall_rating": "0.0",
        "replacement_days": 10,
        "warranty": 2,
        "weight": "1.59 kg",
        "specification": 6
    }
},
{
    "model": "products.product",
    "pk": 4,
    "fields": {
        "created": "2021-08-24T06:00:20.399Z",
        "updated": "2021-08-24T06:00:20.399Z",
        "uuid": "9e78a81b-7e09-4ad1-875a-7b75165d7ca0",
        "brand": 6,
        "product_code": "LPT",
        "name": "HP 15s Core i3 10th Gen",
        "slug": "hp-15s-core-i3-10th-gen",
        "seller": [
            "admin"
        ],
        "subcategory": 3,
        "description": "",
        "overall_rating": "0.0",
        "replacement_days": 10,
        "warranty": 2,
        "weight": "1.76 KG",
        "specification": 7
    }
},
{
    "model": "products.product",
    "pk": 5,
    "fields": {
        "created": "2021-08-26T08:54:37.107Z",
        "updated": "2021-08-26T13:26:51.514Z",
        "uuid": "353a796e-0db4-42a8-930f-298658964b0f",
        "brand": 1,
        "product_code": "TVS",
        "name": "SAMSUNG The Frame 2021 Series QLED Ultra HD (4K) Smart TV",
        "slug": "samsung-the-frame-2021-series-163-cm-65-inch-qled-ultra-hd-4k-smart-tv",
        "seller": [
            "admin"
        ],
        "subcategory": 5,
        "description": "Create your own art gallery, watch TV and smartphone content simultaneously, and enjoy lifelike visu",
        "overall_rating": "0.0",
        "replacement_days": 10,
        "warranty": 3,
        "weight": "22.5 kg",
        "specification": 8
    }
},
{
    "model": "products.product",
    "pk": 6,
    "fields": {
        "created": "2021-08-26T13:59:30.973Z",
        "updated": "2021-08-26T13:59:30.973Z",
        "uuid": "b946f33f-ca55-4b33-811e-6682da65db0d",
        "brand": 8,
        "product_code": "NCD",
        "name": "Bose 500 Bluetooth Speaker",
        "slug": "bose-500-bluetooth-speaker",
        "seller": [
            "admin"
        ],
        "subcategory": 15,
        "description": "Make your parties even more exciting and memorable with this Bose Bluetooth Speaker. It comes with",
        "overall_rating": "0.0",
        "replacement_days": 10,
        "warranty": 4,
        "weight": "600 g",
        "specification": 9
    }
},
{
    "model": "products.product",
    "pk": 7,
    "fields": {
        "created": "2021-08-26T14:29:39.349Z",
        "updated": "2021-08-26T14:29:39.349Z",
        "uuid": "b7a75066-a34b-4ecd-9400-8ce52bf81803",
        "brand": 10,
        "product_code": "WMS",
        "name": "BOSCH 8 kg INVERTER TOUCH CONTROL Fully Automatic Front Load with In-built Heater",
        "slug": "bosch-8-kg-inverter-touch-control-fully-automatic-front-load-with-in-built-heater",
        "seller": [
            "admin"
        ],
        "subcategory": 14,
        "description": "",
        "overall_rating": "0.0",
        "replacement_days": 10,
        "warranty": 5,
        "weight": "71.45 Kg",
        "specification": 10
    }
},
{
    "model": "products.product",
    "pk": 8,
    "fields": {
        "created": "2021-08-26T14:57:31.510Z",
        "updated": "2021-08-26T14:57:31.510Z",
        "uuid": "05f390f5-5c02-4f78-8f94-cc7e2f93bd8d",
        "brand": 1,
        "product_code": "NCD",
        "name": "SAMSUNG Split Inverter AC",
        "slug": "samsung-split-inverter-ac",
        "seller": [
            "admin"
        ],
        "subcategory": 12,
        "description": "Stay cool at home even on a hot and humid day with the help of the Samsung split inverter AC. Equipp",
        "overall_rating": "0.0",
        "replacement_days": 10,
        "warranty": 6,
        "weight": "11.4 Kg",
        "specification": 11
    }
},
{
    "model": "products.product",
    "pk": 9,
    "fields": {
        "created": "2021-08-26T19:36:09.532Z",
        "updated": "2021-08-26T19:36:09.532Z",
        "uuid": "812044f4-41f4-4e64-b62a-15165442b986",
        "brand": 3,
        "product_code": "REF",
        "name": "LG Direct Cool Single Door 4 Star Refrigerator",
        "slug": "lg-direct-cool-single-door-4-star-refrigerator",
        "seller": [
            "admin"
        ],
        "subcategory": 13,
        "description": "This LG refrigerator comes equipped with a Smart Inverter Compressor that gives you efficient perfo",
        "overall_rating": "0.0",
        "replacement_days": 10,
        "warranty": 7,
        "weight": "40 kg",
        "specification": 13
    }
},
{
    "model": "products.product",
    "pk": 10,
    "fields": {
        "created": "2021-08-27T04:17:14.375Z",
        "updated": "2021-08-27T04:18:21.082Z",
        "uuid": "dfb16fc4-75bc-4e2b-bb76-64163787e2bb",
        "brand": 13,
        "product_code": "PNT",
        "name": "ASIAN PAINTS TE-3 Emulsion Wall Paint  (4 L)",
        "slug": "asian-paints-te-3-white-emulsion-wall-paint-4-l",
        "seller": [
            "admin"
        ],
        "subcategory": 6,
        "description": "Asian Paints Tractor Emulsion is an acrylic emulsion paint that offers excellent smoothness to touch",
        "overall_rating": "0.0",
        "replacement_days": 0,
        "warranty": null,
        "weight": "4 L",
        "specification": 14
    }
},
{
    "model": "products.product",
    "pk": 11,
    "fields": {
        "created": "2021-08-27T13:26:08.552Z",
        "updated": "2021-08-27T13:26:08.552Z",
        "uuid": "cccf0a15-3c8d-4a6d-acbb-989d92696aeb",
        "brand": 14,
        "product_code": "JUE",
        "name": "Auric Mens Energy",
        "slug": "auric-mens-energy",
        "seller": [
            "admin"
        ],
        "subcategory": 17,
        "description": "Product information provided by the seller on the Website is not exhaustive, please read the label",
        "overall_rating": "0.0",
        "replacement_days": 0,
        "warranty": null,
        "weight": "750 ml",
        "specification": 15
    }
},
{
    "model": "products.product",
    "pk": 12,
    "fields": {
        "created": "2021-08-27T13:33:17.456Z",
        "updated": "2021-08-27T13:33:17.456Z",
        "uuid": "f1c3ac03-5a9f-4fb5-8d88-62aaaf3de93f",
        "brand": 18,
        "product_code": "BKS",
        "name": "JavaScript – The Definitive Guide, 7e: Master the World's Most-Used Programming Language",
        "slug": "javascript-the-definitive-guide-7e-master-the-worlds-most-used-programming-language",
        "seller": [
            "admin"
        ],
        "subcategory": 16,
        "description": "JavaScript is the programming language of the web and is used by more software developers today than",
        "overall_rating": "0.0",
        "replacement_days": 0,
        "warranty": null,
        "weight": "400 g",
        "specification": 16
    }
},
{
    "model": "products.product",
    "pk": 13,
    "fields": {
        "created": "2021-12-26T09:17:08.289Z",
        "updated": "2021-12-26T09:17:08.289Z",
        "uuid": "ef9073fd-dad0-4130-9169-3de66ba62dfc",
        "brand": 1,
        "product_code": "MBL",
        "name": "Samsung Galaxy S20 FE 5G",
        "slug": "samsung-galaxy-s20-fe-5g",
        "seller": [
            "admin"
        ],
        "subcategory": 1,
        "description": "",
        "overall_rating": "0.0",
        "replacement_days": 10,
        "warranty": 1,
        "weight": "182",
        "specification": 17
    }
},
{
    "model": "products.product",
    "pk": 14,
    "fields": {
        "created": "2021-12-26T09:37:52.049Z",
        "updated": "2021-12-26T09:37:52.049Z",
        "uuid": "5f46acc8-21d0-4942-b233-a7226022c209",
        "brand": 20,
        "product_code": "ACC",
        "name": "SHAFIRE Multifunction Car Sun Visor Organizer,Leather Car Document Holder",
        "slug": "shafire-multifunction-car-sun-visor-organizerleather-car-document-holder",
        "seller": [
            "admin"
        ],
        "subcategory": 7,
        "description": "",
        "overall_rating": "0.0",
        "replacement_days": 10,
        "warranty": 1,
        "weight": "90 g",
        "specification": 18
    }
},
{
    "model": "products.product",
    "pk": 15,
    "fields": {
        "created": "2021-12-26T09:46:04.648Z",
        "updated": "2021-12-26T09:46:04.648Z",
        "uuid": "dd0b210d-64a6-49a4-84cb-af21d3ecaf37",
        "brand": 21,
        "product_code": "ACC",
        "name": "Steelbird Full Finger Bike Riding Gloves with Touch Screen Sensitivity at Thumb and Index Finger, Pr",
        "slug": "steelbird-full-finger-bike-riding-gloves-with-touch-screen-sensitivity-at-thumb-and-index-finger-pr",
        "seller": [
            "admin"
        ],
        "subcategory": 7,
        "description": "",
        "overall_rating": "0.0",
        "replacement_days": 10,
        "warranty": null,
        "weight": "80 g",
        "specification": 19
    }
},
{
    "model": "products.product",
    "pk": 16,
    "fields": {
        "created": "2021-12-26T09:58:14.447Z",
        "updated": "2021-12-26T09:58:14.448Z",
        "uuid": "bf16cdf6-2b51-41b7-b5a1-2a8f80407570",
        "brand": 22,
        "product_code": "NCD",
        "name": "Rangwell Heavy Duty Bike Brake Lock - Locking System by Holding Handle Bar with Brake Lever",
        "slug": "rangwell-heavy-duty-bike-brake-lock-locking-system-by-holding-handle-bar-with-brake-lever",
        "seller": [
            "admin"
        ],
        "subcategory": 7,
        "description": "",
        "overall_rating": "0.0",
        "replacement_days": 10,
        "warranty": 1,
        "weight": "210 g",
        "specification": 20
    }
},
{
    "model": "products.product",
    "pk": 17,
    "fields": {
        "created": "2021-12-26T10:07:49.441Z",
        "updated": "2021-12-26T10:07:49.441Z",
        "uuid": "14314e6e-2390-41bb-b842-6f0f1bc643cd",
        "brand": 23,
        "product_code": "NCD",
        "name": "Plantex Stainless Steel Wall Mount Shelf 2 Tier Bathroom Shelf/Rack",
        "slug": "plantex-stainless-steel-wall-mount-shelf-2-tier-bathroom-shelfrack",
        "seller": [
            "admin"
        ],
        "subcategory": 7,
        "description": "",
        "overall_rating": "0.0",
        "replacement_days": 10,
        "warranty": 1,
        "weight": "500 g",
        "specification": 21
    }
},
{
    "model": "products.product",
    "pk": 18,
    "fields": {
        "created": "2021-12-26T10:18:17.434Z",
        "updated": "2021-12-26T10:18:17.434Z",
        "uuid": "3a6d099f-b2ac-482b-9e43-a6fd1de5a53f",
        "brand": 24,
        "product_code": "NCD",
        "name": "Minute Maid Pulpy Orange Fruit Drink",
        "slug": "minute-maid-pulpy-orange-fruit-drink",
        "seller": [
            "admin"
        ],
        "subcategory": 17,
        "description": "A deliciously refreshing orange fruit drink",
        "overall_rating": "0.0",
        "replacement_days": 0,
        "warranty": null,
        "weight": "900 g",
        "specification": 22
    }
},
{
    "model": "products.product",
    "pk": 19,
    "fields": {
        "created": "2021-12-26T10:25:03.101Z",
        "updated": "2021-12-26T10:25:03.101Z",
        "uuid": "8b7114e2-4114-4476-b1a5-b1dae3211bd3",
        "brand": 17,
        "product_code": "CHO",
        "name": "Cadbury Silk Potli Gift Pack",
        "slug": "cadbury-silk-potli-gift-pack",
        "seller": [
            "admin"
        ],
        "subcategory": 18,
        "description": "Cadbury silk fruit and nut not only has the regular smooth and creamy milk chocolate, but also has a",
        "overall_rating": "0.0",
        "replacement_days": 0,
        "warranty": null,
        "weight": "486 g",
        "specification": 23
    }
},
{
    "model": "products.product",
    "pk": 20,
    "fields": {
        "created": "2021-12-26T11:32:46.299Z",
        "updated": "2021-12-26T11:32:46.299Z",
        "uuid": "37e611d5-0299-4216-89e8-532b3773c19d",
        "brand": 16,
        "product_code": "NCD",
        "name": "Tropicana Orange Delight",
        "slug": "tropicana-orange-delight",
        "seller": [
            "admin"
        ],
        "subcategory": 17,
        "description": "Get 100% pure squeezed orange juice from Tropicana®. From our Pure Premium to our lower sugar Trop50",
        "overall_rating": "0.0",
        "replacement_days": 0,
        "warranty": null,
        "weight": "988 g",
        "specification": 24
    }
},
{
    "model": "products.product",
    "pk": 21,
    "fields": {
        "created": "2021-12-26T11:39:39.671Z",
        "updated": "2021-12-26T11:39:39.671Z",
        "uuid": "64c8ffa6-30cf-4556-a9b9-aa796b39da10",
        "brand": 16,
        "product_code": "JUE",
        "name": "Tropicana Litchi Delight Fruit Juice",
        "slug": "tropicana-litchi-delight-fruit-juice",
        "seller": [
            "admin"
        ],
        "subcategory": 17,
        "description": "Get 100% pure squeezed orange juice from Tropicana®. From our Pure Premium to our lower sugar Trop50",
        "overall_rating": "0.0",
        "replacement_days": 0,
        "warranty": null,
        "weight": "988 g",
        "specification": 25
    }
},
{
    "model": "products.product",
    "pk": 22,
    "fields": {
        "created": "2021-12-26T11:50:49.669Z",
        "updated": "2021-12-26T11:50:49.669Z",
        "uuid": "09d6f4ca-bc57-4918-a5e6-2d43932b1909",
        "brand": 18,
        "product_code": "BKS",
        "name": "Effective TypeScript: 62 Specific Ways to Improve Your TypeScript",
        "slug": "effective-typescript-62-specific-ways-to-improve-your-typescript",
        "seller": [
            "admin"
        ],
        "subcategory": 16,
        "description": "TypeScript is a typed superset of JavaScript with the potential to solve many of the headaches for w",
        "overall_rating": "0.0",
        "replacement_days": 10,
        "warranty": null,
        "weight": "600 g",
        "specification": 26
    }
},
{
    "model": "products.product",
    "pk": 23,
    "fields": {
        "created": "2021-12-26T11:55:59.360Z",
        "updated": "2021-12-26T11:55:59.360Z",
        "uuid": "bb313eda-469e-46bb-93f4-674b2aea8f5c",
        "brand": 19,
        "product_code": "BKS",
        "name": "Django 3 By Example: Build powerful and reliable Python web applications from scratch, 3rd Edition",
        "slug": "django-3-by-example-build-powerful-and-reliable-python-web-applications-from-scratch-3rd-edition",
        "seller": [
            "admin"
        ],
        "subcategory": 16,
        "description": "Learn Django 3 with four end-to-end web projects",
        "overall_rating": "0.0",
        "replacement_days": 10,
        "warranty": null,
        "weight": "700 g",
        "specification": 27
    }
},
{
    "model": "products.product",
    "pk": 24,
    "fields": {
        "created": "2021-12-26T12:03:39.246Z",
        "updated": "2021-12-26T12:03:39.246Z",
        "uuid": "55db1a8e-0981-4d5b-8824-989f9c1d5143",
        "brand": 18,
        "product_code": "BKS",
        "name": "Learning React: Modern Patterns for Developing React Apps, Second Edition",
        "slug": "learning-react-modern-patterns-for-developing-react-apps-second-edition",
        "seller": [
            "admin"
        ],
        "subcategory": 16,
        "description": "If you want to learn how to build efficient React applications, this is your book. Ideal for web dev",
        "overall_rating": "0.0",
        "replacement_days": 10,
        "warranty": null,
        "weight": "0",
        "specification": 28
    }
},
{
    "model": "products.fashionsize",
    "pk": 1,
    "fields": {
        "name": "SMALL",
        "code": "S"
    }
},
{
    "model": "products.fashionsize",
    "pk": 2,
    "fields": {
        "name": "EXTRA SMALL",
        "code": "XS"
    }
},
{
    "model": "products.fashionsize",
    "pk": 3,
    "fields": {
        "name": "MEDIUM",
        "code": "M"
    }
},
{
    "model": "products.fashionsize",
    "pk": 4,
    "fields": {
        "name": "LARGE",
        "code": "L"
    }
},
{
    "model": "products.fashionsize",
    "pk": 5,
    "fields": {
        "name": "EXTRA LARGE",
        "code": "XL"
    }
},
{
    "model": "products.fashionsize",
    "pk": 6,
    "fields": {
        "name": "DOUBLE EXTRA LARGE",
        "code": "XXL"
    }
},
{
    "model": "products.productvariation",
    "pk": 1,
    "fields": {
        "uuid": "54b5423d-f00a-43c1-a605-584c932b9f92",
        "pid": "MBLOGTKIADMSGKIKZJ",
        "product": 1,
        "retail_price": "39900.00",
        "price": "32999.00",
        "color": 7,
        "active": true,
        "available_stock": 10,
        "mobile_variant": 4,
        "laptop_variant": null,
        "tv_variant": null,
        "ac_capacity_variant": null,
        "refrigerator_capacity": null,
        "ac_star_variant": null,
        "book_variation": null,
        "juices_quantity": null,
        "size": null,
        "images": [
            1,
            2,
            3,
            4
        ]
    }
},
{
    "model": "products.productvariation",
    "pk": 2,
    "fields": {
        "uuid": "0f959fb0-4227-4145-b738-05b34f4cdb38",
        "pid": "MBLEWRGZAVMRISCPOF",
        "product": 1,
        "retail_price": "44900.00",
        "price": "34999.00",
        "color": 2,
        "active": true,
        "available_stock": 10,
        "mobile_variant": 14,
        "laptop_variant": null,
        "tv_variant": null,
        "ac_capacity_variant": null,
        "refrigerator_capacity": null,
        "ac_star_variant": null,
        "book_variation": null,
        "juices_quantity": null,
        "size": null,
        "images": [
            5,
            6,
            7,
            8
        ]
    }
},
{
    "model": "products.productvariation",
    "pk": 3,
    "fields": {
        "uuid": "7ac4a8c4-59d3-4caa-8457-f0fe00ca9db3",
        "pid": "MBLPYPMBGCAATDWXSN",
        "product": 1,
        "retail_price": "39900.00",
        "price": "32999.00",
        "color": 8,
        "active": true,
        "available_stock": 9,
        "mobile_variant": 4,
        "laptop_variant": null,
        "tv_variant": null,
        "ac_capacity_variant": null,
        "refrigerator_capacity": null,
        "ac_star_variant": null,
        "book_variation": null,
        "juices_quantity": null,
        "size": null,
        "images": [
            9,
            10,
            11,
            12
        ]
    }
},
{
    "model": "products.productvariation",
    "pk": 4,
    "fields": {
        "uuid": "685b91d4-0e22-47da-a1b0-e9f892b3109b",
        "pid": "MBLOCPIQAORLDBNAHW",
        "product": 2,
        "retail_price": "79900.00",
        "price": "77900.00",
        "color": 7,
        "active": true,
        "available_stock": 20,
        "mobile_variant": 2,
        "laptop_variant": null,
        "tv_variant": null,
        "ac_capacity_variant": null,
        "refrigerator_capacity": null,
        "ac_star_variant": null,
        "book_variation": null,
        "juices_quantity": null,
        "size": null,
        "images": [
            13,
            14,
            15,
            16,
            17
        ]
    }
},
{
    "model": "products.productvariation",
    "pk": 5,
    "fields": {
        "uuid": "77ceb6cc-df8c-4fbc-8c7d-787860c46dcf",
        "pid": "MBLSYJANKJXEVGANXD",
        "product": 2,
        "retail_price": "84900.00",
        "price": "82900.00",
        "color": 7,
        "active": true,
        "available_stock": 15,
        "mobile_variant": 6,
        "laptop_variant": null,
        "tv_variant": null,
        "ac_capacity_variant": null,
        "refrigerator_capacity": null,
        "ac_star_variant": null,
        "book_variation": null,
        "juices_quantity": null,
        "size": null,
        "images": [
            13,
            14,
            15,
            16,
            17
        ]
    }
},
{
    "model": "products.productvariation",
    "pk": 6,
    "fields": {
        "uuid": "d6815d4b-e63a-4f6e-bc00-ef8941979c96",
        "pid": "MBLWRSUXDXZEAKTEGE",
        "product": 2,
        "retail_price": "94900.00",
        "price": "92900.00",
        "color": 7,
        "active": true,
        "available_stock": 5,
        "mobile_variant": 7,
        "laptop_variant": null,
        "tv_variant": null,
        "ac_capacity_variant": null,
        "refrigerator_capacity": null,
        "ac_star_variant": null,
        "book_variation": null,
        "juices_quantity": null,
        "size": null,
        "images": [
            13,
            14,
            15,
            16,
            17
        ]
    }
},
{
    "model": "products.productvariation",
    "pk": 7,
    "fields": {
        "uuid": "24645020-b689-40b1-ae1f-6f50226e9bcd",
        "pid": "MBLKSVVEESOITBPXZS",
        "product": 2,
        "retail_price": "79900.00",
        "price": "77900.00",
        "color": 2,
        "active": true,
        "available_stock": 50,
        "mobile_variant": 2,
        "laptop_variant": null,
        "tv_variant": null,
        "ac_capacity_variant": null,
        "refrigerator_capacity": null,
        "ac_star_variant": null,
        "book_variation": null,
        "juices_quantity": null,
        "size": null,
        "images": [
            17,
            18,
            19,
            20,
            21
        ]
    }
},
{
    "model": "products.productvariation",
    "pk": 8,
    "fields": {
        "uuid": "1b14ab0c-c138-4eb0-8233-983cf1a0cfea",
        "pid": "MBLVJGELBYVOOLRYQI",
        "product": 2,
        "retail_price": "79900.00",
        "price": "77900.00",
        "color": 8,
        "active": true,
        "available_stock": 20,
        "mobile_variant": 2,
        "laptop_variant": null,
        "tv_variant": null,
        "ac_capacity_variant": null,
        "refrigerator_capacity": null,
        "ac_star_variant": null,
        "book_variation": null,
        "juices_quantity": null,
        "size": null,
        "images": [
            17,
            22,
            23,
            24,
            25
        ]
    }
},
{
    "model": "products.productvariation",
    "pk": 9,
    "fields": {
        "uuid": "9bf36858-c786-4597-a4b1-25709c28eaaa",
        "pid": "MBLMTAQWPVSIZCLUFO",
        "product": 2,
        "retail_price": "94900.00",
        "price": "92900.00",
        "color": 2,
        "active": true,
        "available_stock": 0,
        "mobile_variant": 7,
        "laptop_variant": null,
        "tv_variant": null,
        "ac_capacity_variant": null,
        "refrigerator_capacity": null,
        "ac_star_variant": null,
        "book_variation": null,
        "juices_quantity": null,
        "size": null,
        "images": [
            17,
            18,
            19,
            20,
            21
        ]
    }
},
{
    "model": "products.productvariation",
    "pk": 10,
    "fields": {
        "uuid": "5f4a9736-5be5-4ce6-8ed3-1da3b0e54165",
        "pid": "MBLSPKOGALENOMHUJA",
        "product": 2,
        "retail_price": "84900.00",
        "price": "82900.00",
        "color": 8,
        "active": true,
        "available_stock": 11,
        "mobile_variant": 6,
        "laptop_variant": null,
        "tv_variant": null,
        "ac_capacity_variant": null,
        "refrigerator_capacity": null,
        "ac_star_variant": null,
        "book_variation": null,
        "juices_quantity": null,
        "size": null,
        "images": [
            17,
            22,
            23,
            24,
            25
        ]
    }
},
{
    "model": "products.productvariation",
    "pk": 11,
    "fields": {
        "uuid": "69ba45fe-0c44-43af-9d80-1bbe28db57b2",
        "pid": "LPTZWJPMELZZMMOFUK",
        "product": 3,
        "retail_price": "64038.00",
        "price": "53990.00",
        "color": 7,
        "active": true,
        "available_stock": 12,
        "mobile_variant": null,
        "laptop_variant": 2,
        "tv_variant": null,
        "ac_capacity_variant": null,
        "refrigerator_capacity": null,
        "ac_star_variant": null,
        "book_variation": null,
        "juices_quantity": null,
        "size": null,
        "images": [
            30,
            31,
            32,
            33,
            34
        ]
    }
},
{
    "model": "products.productvariation",
    "pk": 12,
    "fields": {
        "uuid": "4e06e729-56b7-48c5-8d65-2ce953486f4b",
        "pid": "LPTPUXHMKVGRHEUSEO",
        "product": 4,
        "retail_price": "43900.00",
        "price": "40990.00",
        "color": 14,
        "active": true,
        "available_stock": 50,
        "mobile_variant": null,
        "laptop_variant": 1,
        "tv_variant": null,
        "ac_capacity_variant": null,
        "refrigerator_capacity": null,
        "ac_star_variant": null,
        "book_variation": null,
        "juices_quantity": null,
        "size": null,
        "images": [
            26,
            27,
            28,
            29
        ]
    }
},
{
    "model": "products.productvariation",
    "pk": 14,
    "fields": {
        "uuid": "f7f4c975-15c9-49e7-891f-521255d9dc5b",
        "pid": "TVSQDMJQZBSHNATFQW",
        "product": 5,
        "retail_price": "222900.00",
        "price": "124999.00",
        "color": null,
        "active": true,
        "available_stock": 5,
        "mobile_variant": null,
        "laptop_variant": null,
        "tv_variant": 2,
        "ac_capacity_variant": null,
        "refrigerator_capacity": null,
        "ac_star_variant": null,
        "book_variation": null,
        "juices_quantity": null,
        "size": null,
        "images": [
            35,
            36,
            38,
            39,
            40,
            41,
            42,
            43
        ]
    }
},
{
    "model": "products.productvariation",
    "pk": 15,
    "fields": {
        "uuid": "a3e22982-219a-4630-90c0-fbefe198b4b2",
        "pid": "TVSXHYFLBVCGVULKJR",
        "product": 5,
        "retail_price": "1444900.00",
        "price": "92999.00",
        "color": null,
        "active": true,
        "available_stock": 10,
        "mobile_variant": null,
        "laptop_variant": null,
        "tv_variant": 3,
        "ac_capacity_variant": null,
        "refrigerator_capacity": null,
        "ac_star_variant": null,
        "book_variation": null,
        "juices_quantity": null,
        "size": null,
        "images": [
            35,
            36,
            38,
            39,
            40,
            41,
            42,
            43
        ]
    }
},
{
    "model": "products.productvariation",
    "pk": 16,
    "fields": {
        "uuid": "68d7f591-a8b2-44bc-af24-1acd33312a03",
        "pid": "TVSSVBWCOJVSWRXXHX",
        "product": 5,
        "retail_price": "119900.00",
        "price": "77999.00",
        "color": null,
        "active": true,
        "available_stock": 18,
        "mobile_variant": null,
        "laptop_variant": null,
        "tv_variant": 4,
        "ac_capacity_variant": null,
        "refrigerator_capacity": null,
        "ac_star_variant": null,
        "book_variation": null,
        "juices_quantity": null,
        "size": null,
        "images": [
            35,
            36,
            38,
            39,
            40,
            41,
            42,
            43
        ]
    }
},
{
    "model": "products.productvariation",
    "pk": 17,
    "fields": {
        "uuid": "61159402-449e-429d-9bfa-a086f66d8945",
        "pid": "TVSCHJAXODSAOWEJCK",
        "product": 5,
        "retail_price": "89990.00",
        "price": "61999.00",
        "color": null,
        "active": true,
        "available_stock": 12,
        "mobile_variant": null,
        "laptop_variant": null,
        "tv_variant": 5,
        "ac_capacity_variant": null,
        "refrigerator_capacity": null,
        "ac_star_variant": null,
        "book_variation": null,
        "juices_quantity": null,
        "size": null,
        "images": [
            35,
            36,
            38,
            39,
            40,
            41,
            42,
            43
        ]
    }
},
{
    "model": "products.productvariation",
    "pk": 18,
    "fields": {
        "uuid": "74975249-224f-44e5-a9c9-2541dc7d0cac",
        "pid": "NCDIVSOXOXYIIQBYRT",
        "product": 6,
        "retail_price": "39000.00",
        "price": "39000.00",
        "color": 7,
        "active": true,
        "available_stock": 4,
        "mobile_variant": null,
        "laptop_variant": null,
        "tv_variant": null,
        "ac_capacity_variant": null,
        "refrigerator_capacity": null,
        "ac_star_variant": null,
        "book_variation": null,
        "juices_quantity": null,
        "size": null,
        "images": [
            50,
            51,
            52,
            53
        ]
    }
},
{
    "model": "products.productvariation",
    "pk": 19,
    "fields": {
        "uuid": "99532551-0391-49d0-a253-7c8169c455cf",
        "pid": "NCDRHXIHFCKAKAZSZI",
        "product": 6,
        "retail_price": "39000.00",
        "price": "39000.00",
        "color": 15,
        "active": true,
        "available_stock": 12,
        "mobile_variant": null,
        "laptop_variant": null,
        "tv_variant": null,
        "ac_capacity_variant": null,
        "refrigerator_capacity": null,
        "ac_star_variant": null,
        "book_variation": null,
        "juices_quantity": null,
        "size": null,
        "images": [
            44,
            45,
            46,
            47,
            48,
            49
        ]
    }
},
{
    "model": "products.productvariation",
    "pk": 20,
    "fields": {
        "uuid": "a401ff10-cccc-4ddf-a933-8d2588f09e67",
        "pid": "WMSOTJLTGXGPSTCOWX",
        "product": 7,
        "retail_price": "43399.00",
        "price": "34490.00",
        "color": 8,
        "active": true,
        "available_stock": 9,
        "mobile_variant": null,
        "laptop_variant": null,
        "tv_variant": null,
        "ac_capacity_variant": null,
        "refrigerator_capacity": null,
        "ac_star_variant": null,
        "book_variation": null,
        "juices_quantity": null,
        "size": null,
        "images": [
            54,
            55,
            56,
            57,
            58,
            59
        ]
    }
},
{
    "model": "products.productvariation",
    "pk": 21,
    "fields": {
        "uuid": "9102aa8c-dedb-4c53-8e4d-da323deacc7f",
        "pid": "NCDCMDKJGUNUVWHPMZ",
        "product": 8,
        "retail_price": "42990.00",
        "price": "27490.00",
        "color": 5,
        "active": true,
        "available_stock": 10,
        "mobile_variant": null,
        "laptop_variant": null,
        "tv_variant": null,
        "ac_capacity_variant": 1,
        "refrigerator_capacity": null,
        "ac_star_variant": 1,
        "book_variation": null,
        "juices_quantity": null,
        "size": null,
        "images": [
            60,
            61,
            62,
            63,
            64
        ]
    }
},
{
    "model": "products.productvariation",
    "pk": 22,
    "fields": {
        "uuid": "05959c43-3fc8-471c-9a59-232106f9aa0b",
        "pid": "NCDMQSEDBFIZAEGAKH",
        "product": 8,
        "retail_price": "45990.00",
        "price": "30990.00",
        "color": 5,
        "active": true,
        "available_stock": 8,
        "mobile_variant": null,
        "laptop_variant": null,
        "tv_variant": null,
        "ac_capacity_variant": 2,
        "refrigerator_capacity": null,
        "ac_star_variant": 1,
        "book_variation": null,
        "juices_quantity": null,
        "size": null,
        "images": [
            60,
            61,
            62,
            63,
            64
        ]
    }
},
{
    "model": "products.productvariation",
    "pk": 23,
    "fields": {
        "uuid": "2eefb84e-d512-4584-b469-9efa02c2bda5",
        "pid": "NCDYFHZKIYTXMYCGDJ",
        "product": 8,
        "retail_price": "44990.00",
        "price": "28990.00",
        "color": 5,
        "active": true,
        "available_stock": 8,
        "mobile_variant": null,
        "laptop_variant": null,
        "tv_variant": null,
        "ac_capacity_variant": 1,
        "refrigerator_capacity": null,
        "ac_star_variant": 2,
        "book_variation": null,
        "juices_quantity": null,
        "size": null,
        "images": [
            60,
            61,
            62,
            63,
            64
        ]
    }
},
{
    "model": "products.productvariation",
    "pk": 24,
    "fields": {
        "uuid": "6a46e6e5-9503-4d1e-a521-992c7c342b81",
        "pid": "NCDJDSEEWBUVLVRWDN",
        "product": 8,
        "retail_price": "51990.00",
        "price": "32990.00",
        "color": 5,
        "active": true,
        "available_stock": 14,
        "mobile_variant": null,
        "laptop_variant": null,
        "tv_variant": null,
        "ac_capacity_variant": 2,
        "refrigerator_capacity": null,
        "ac_star_variant": 2,
        "book_variation": null,
        "juices_quantity": null,
        "size": null,
        "images": [
            60,
            61,
            62,
            63,
            64
        ]
    }
},
{
    "model": "products.productvariation",
    "pk": 25,
    "fields": {
        "uuid": "20aad60b-ae36-4502-ae23-6602fefcdec6",
        "pid": "NCDOEIPNRWODCTRTMU",
        "product": 8,
        "retail_price": "56990.00",
        "price": "34990.00",
        "color": 5,
        "active": true,
        "available_stock": 0,
        "mobile_variant": null,
        "laptop_variant": null,
        "tv_variant": null,
        "ac_capacity_variant": 2,
        "refrigerator_capacity": null,
        "ac_star_variant": 3,
        "book_variation": null,
        "juices_quantity": null,
        "size": null,
        "images": [
            60,
            61,
            62,
            63,
            64
        ]
    }
},
{
    "model": "products.productvariation",
    "pk": 26,
    "fields": {
        "uuid": "a870b012-a459-43a5-89a4-4ebd80978489",
        "pid": "REFPVKSOYNKUKLDOHZ",
        "product": 9,
        "retail_price": "23590.00",
        "price": "19399.00",
        "color": 16,
        "active": true,
        "available_stock": 10,
        "mobile_variant": null,
        "laptop_variant": null,
        "tv_variant": null,
        "ac_capacity_variant": null,
        "refrigerator_capacity": "215 L",
        "ac_star_variant": null,
        "book_variation": null,
        "juices_quantity": null,
        "size": null,
        "images": [
            84,
            85,
            86,
            87,
            88,
            89,
            90
        ]
    }
},
{
    "model": "products.productvariation",
    "pk": 27,
    "fields": {
        "uuid": "ffd787a5-c284-4be6-a9c9-dc5c10174e62",
        "pid": "REFRACTSAUHVVFWZOQ",
        "product": 9,
        "retail_price": "24990.00",
        "price": "20490.00",
        "color": 17,
        "active": true,
        "available_stock": 8,
        "mobile_variant": null,
        "laptop_variant": null,
        "tv_variant": null,
        "ac_capacity_variant": null,
        "refrigerator_capacity": "235 L",
        "ac_star_variant": null,
        "book_variation": null,
        "juices_quantity": null,
        "size": null,
        "images": [
            91,
            92,
            93,
            94,
            95
        ]
    }
},
{
    "model": "products.productvariation",
    "pk": 28,
    "fields": {
        "uuid": "b4b95cc9-471e-45bc-a520-deb7286b9521",
        "pid": "PNTSRRKOOTMDQCRKYH",
        "product": 10,
        "retail_price": "1591.00",
        "price": "999.00",
        "color": 8,
        "active": true,
        "available_stock": 100,
        "mobile_variant": null,
        "laptop_variant": null,
        "tv_variant": null,
        "ac_capacity_variant": null,
        "refrigerator_capacity": null,
        "ac_star_variant": null,
        "book_variation": null,
        "juices_quantity": null,
        "size": null,
        "images": [
            77
        ]
    }
},
{
    "model": "products.productvariation",
    "pk": 29,
    "fields": {
        "uuid": "11d18216-293b-4823-a177-17456e0c5b0c",
        "pid": "JUECLULQXBRMBIXMGL",
        "product": 11,
        "retail_price": "255.00",
        "price": "255.00",
        "color": null,
        "active": true,
        "available_stock": 0,
        "mobile_variant": null,
        "laptop_variant": null,
        "tv_variant": null,
        "ac_capacity_variant": null,
        "refrigerator_capacity": null,
        "ac_star_variant": null,
        "book_variation": null,
        "juices_quantity": "3 x 250 ml",
        "size": null,
        "images": [
            78,
            79,
            80,
            81,
            82
        ]
    }
},
{
    "model": "products.productvariation",
    "pk": 30,
    "fields": {
        "uuid": "3ee0d8be-c5fd-4ed5-adc6-7ffd99b0568f",
        "pid": "BKSPEPULGXEREHQQZA",
        "product": 12,
        "retail_price": "4421.00",
        "price": "4421.00",
        "color": null,
        "active": true,
        "available_stock": 30,
        "mobile_variant": null,
        "laptop_variant": null,
        "tv_variant": null,
        "ac_capacity_variant": null,
        "refrigerator_capacity": null,
        "ac_star_variant": null,
        "book_variation": 2,
        "juices_quantity": null,
        "size": null,
        "images": [
            83
        ]
    }
},
{
    "model": "products.productvariation",
    "pk": 31,
    "fields": {
        "uuid": "8af15f52-203d-4ba0-bdee-2ae72477ed94",
        "pid": "BKSXYKJXWBRAIFXELR",
        "product": 12,
        "retail_price": "2042.50",
        "price": "2042.50",
        "color": null,
        "active": true,
        "available_stock": 5000,
        "mobile_variant": null,
        "laptop_variant": null,
        "tv_variant": null,
        "ac_capacity_variant": null,
        "refrigerator_capacity": null,
        "ac_star_variant": null,
        "book_variation": 1,
        "juices_quantity": null,
        "size": null,
        "images": [
            83
        ]
    }
},
{
    "model": "products.productvariation",
    "pk": 32,
    "fields": {
        "uuid": "69792a43-c471-48c1-a247-c7a9ee193531",
        "pid": "MBLTPZJQAFHUVMGCLS",
        "product": 13,
        "retail_price": "84998.00",
        "price": "46990.00",
        "color": 18,
        "active": true,
        "available_stock": 10,
        "mobile_variant": 13,
        "laptop_variant": null,
        "tv_variant": null,
        "ac_capacity_variant": null,
        "refrigerator_capacity": null,
        "ac_star_variant": null,
        "book_variation": null,
        "juices_quantity": null,
        "size": null,
        "images": [
            96,
            97,
            98,
            99,
            100
        ]
    }
},
{
    "model": "products.productvariation",
    "pk": 33,
    "fields": {
        "uuid": "cd8ac557-8f34-41ea-a1d2-a0b127111b12",
        "pid": "ACCPJVLYSMAEBQTYUU",
        "product": 14,
        "retail_price": "1000.00",
        "price": "849.00",
        "color": 10,
        "active": true,
        "available_stock": 100,
        "mobile_variant": null,
        "laptop_variant": null,
        "tv_variant": null,
        "ac_capacity_variant": null,
        "refrigerator_capacity": null,
        "ac_star_variant": null,
        "book_variation": null,
        "juices_quantity": null,
        "size": null,
        "images": [
            101,
            102,
            103
        ]
    }
},
{
    "model": "products.productvariation",
    "pk": 34,
    "fields": {
        "uuid": "17dc9c10-abf4-4478-8089-e80443f80c31",
        "pid": "ACCZBGKSMIGQFXRUYO",
        "product": 15,
        "retail_price": "600.00",
        "price": "549.00",
        "color": 7,
        "active": true,
        "available_stock": 20,
        "mobile_variant": null,
        "laptop_variant": null,
        "tv_variant": null,
        "ac_capacity_variant": null,
        "refrigerator_capacity": null,
        "ac_star_variant": null,
        "book_variation": null,
        "juices_quantity": null,
        "size": 5,
        "images": [
            104,
            105,
            106,
            107
        ]
    }
},
{
    "model": "products.productvariation",
    "pk": 35,
    "fields": {
        "uuid": "5fef62f8-21a9-4976-a62d-108a67f4b70a",
        "pid": "NCDSQPAANALNZMIFYG",
        "product": 16,
        "retail_price": "450.00",
        "price": "400.00",
        "color": 3,
        "active": true,
        "available_stock": 10,
        "mobile_variant": null,
        "laptop_variant": null,
        "tv_variant": null,
        "ac_capacity_variant": null,
        "refrigerator_capacity": null,
        "ac_star_variant": null,
        "book_variation": null,
        "juices_quantity": null,
        "size": null,
        "images": [
            108,
            109,
            110,
            111
        ]
    }
},
{
    "model": "products.productvariation",
    "pk": 36,
    "fields": {
        "uuid": "03760db6-c7f2-4c5b-8cde-b29540b1bfa7",
        "pid": "NCDXJLPEEHCUPJXVCV",
        "product": 17,
        "retail_price": "600.00",
        "price": "480.00",
        "color": null,
        "active": true,
        "available_stock": 5,
        "mobile_variant": null,
        "laptop_variant": null,
        "tv_variant": null,
        "ac_capacity_variant": null,
        "refrigerator_capacity": null,
        "ac_star_variant": null,
        "book_variation": null,
        "juices_quantity": null,
        "size": null,
        "images": [
            112,
            113,
            114
        ]
    }
},
{
    "model": "products.productvariation",
    "pk": 37,
    "fields": {
        "uuid": "2de3590d-27d7-4cca-b2b9-f9498a7a46d8",
        "pid": "NCDNSMJZYAZMREKMVV",
        "product": 18,
        "retail_price": "69.00",
        "price": "60.00",
        "color": null,
        "active": true,
        "available_stock": 100,
        "mobile_variant": null,
        "laptop_variant": null,
        "tv_variant": null,
        "ac_capacity_variant": null,
        "refrigerator_capacity": null,
        "ac_star_variant": null,
        "book_variation": null,
        "juices_quantity": "1 L",
        "size": null,
        "images": [
            115,
            116,
            117
        ]
    }
},
{
    "model": "products.productvariation",
    "pk": 38,
    "fields": {
        "uuid": "dcb68363-0713-4d9d-8c5a-abe38f992638",
        "pid": "CHORNCMOPCDCYMDODB",
        "product": 19,
        "retail_price": "650.00",
        "price": "585.00",
        "color": null,
        "active": true,
        "available_stock": 50,
        "mobile_variant": null,
        "laptop_variant": null,
        "tv_variant": null,
        "ac_capacity_variant": null,
        "refrigerator_capacity": null,
        "ac_star_variant": null,
        "book_variation": null,
        "juices_quantity": "343g",
        "size": null,
        "images": [
            118,
            119,
            120,
            121,
            122
        ]
    }
},
{
    "model": "products.productvariation",
    "pk": 39,
    "fields": {
        "uuid": "05d76de5-52a5-4773-8785-8e82e6674d37",
        "pid": "NCDJNYBQCVZDTJVSGT",
        "product": 20,
        "retail_price": "115.00",
        "price": "110.00",
        "color": null,
        "active": true,
        "available_stock": 10,
        "mobile_variant": null,
        "laptop_variant": null,
        "tv_variant": null,
        "ac_capacity_variant": null,
        "refrigerator_capacity": null,
        "ac_star_variant": null,
        "book_variation": null,
        "juices_quantity": "1 L",
        "size": null,
        "images": [
            123,
            124,
            125,
            126
        ]
    }
},
{
    "model": "products.productvariation",
    "pk": 40,
    "fields": {
        "uuid": "aba626bf-bd4e-404d-80a9-52bc9bd4f04f",
        "pid": "JUEUANUHWMVSZGXLCP",
        "product": 21,
        "retail_price": "120.00",
        "price": "115.00",
        "color": null,
        "active": true,
        "available_stock": 10,
        "mobile_variant": null,
        "laptop_variant": null,
        "tv_variant": null,
        "ac_capacity_variant": null,
        "refrigerator_capacity": null,
        "ac_star_variant": null,
        "book_variation": null,
        "juices_quantity": "1 L",
        "size": null,
        "images": [
            128,
            125,
            126,
            127
        ]
    }
},
{
    "model": "products.productvariation",
    "pk": 42,
    "fields": {
        "uuid": "77dd7269-82c9-458d-92f4-78afbe1904df",
        "pid": "BKSOUQJNNTFFCLFDHC",
        "product": 22,
        "retail_price": "5000.00",
        "price": "3596.00",
        "color": null,
        "active": true,
        "available_stock": 0,
        "mobile_variant": null,
        "laptop_variant": null,
        "tv_variant": null,
        "ac_capacity_variant": null,
        "refrigerator_capacity": null,
        "ac_star_variant": null,
        "book_variation": 2,
        "juices_quantity": null,
        "size": null,
        "images": [
            129
        ]
    }
},
{
    "model": "products.productvariation",
    "pk": 43,
    "fields": {
        "uuid": "f92cefdd-5641-4717-84a5-279eec84f246",
        "pid": "BKSEVHXUOCLJQZPYSQ",
        "product": 23,
        "retail_price": "3200.00",
        "price": "2999.00",
        "color": null,
        "active": true,
        "available_stock": 20,
        "mobile_variant": null,
        "laptop_variant": null,
        "tv_variant": null,
        "ac_capacity_variant": null,
        "refrigerator_capacity": null,
        "ac_star_variant": null,
        "book_variation": 2,
        "juices_quantity": null,
        "size": null,
        "images": [
            130
        ]
    }
},
{
    "model": "products.productvariation",
    "pk": 44,
    "fields": {
        "uuid": "3e7521a8-1402-40e2-9fc9-c9e3f1354591",
        "pid": "BKSADPJCPTUZVXIJCP",
        "product": 24,
        "retail_price": "3999.00",
        "price": "2896.00",
        "color": null,
        "active": true,
        "available_stock": 10,
        "mobile_variant": null,
        "laptop_variant": null,
        "tv_variant": null,
        "ac_capacity_variant": null,
        "refrigerator_capacity": null,
        "ac_star_variant": null,
        "book_variation": 2,
        "juices_quantity": null,
        "size": null,
        "images": [
            131
        ]
    }
},
{
    "model": "products.productimages",
    "pk": 1,
    "fields": {
        "image_summary": "Iphone se black main",
        "image": "Product_Image/Iphone/iphone-se-black-main/front.jpeg",
        "placeholder": "default_placeholder.jpg",
        "primary": true
    }
},
{
    "model": "products.productimages",
    "pk": 2,
    "fields": {
        "image_summary": "Iphone se black camera",
        "image": "Product_Image/Iphone/iphone-se-black-camera/camera.jpeg",
        "placeholder": "default_placeholder.jpg",
        "primary": false
    }
},
{
    "model": "products.productimages",
    "pk": 3,
    "fields": {
        "image_summary": "Iphone se black back",
        "image": "Product_Image/Iphone/iphone-se-black-back/back.jpeg",
        "placeholder": "default_placeholder.jpg",
        "primary": false
    }
},
{
    "model": "products.productimages",
    "pk": 4,
    "fields": {
        "image_summary": "Iphone se black side",
        "image": "Product_Image/Iphone/iphone-se-black-side/side.jpeg",
        "placeholder": "default_placeholder.jpg",
        "primary": false
    }
},
{
    "model": "products.productimages",
    "pk": 5,
    "fields": {
        "image_summary": "Iphone se red main",
        "image": "Product_Image/Iphone/iphone-se-red-main/front.jpeg",
        "placeholder": "default_placeholder.jpg",
        "primary": true
    }
},
{
    "model": "products.productimages",
    "pk": 6,
    "fields": {
        "image_summary": "Iphone se red back",
        "image": "Product_Image/Iphone/iphone-se-red-back/back.jpeg",
        "placeholder": "default_placeholder.jpg",
        "primary": false
    }
},
{
    "model": "products.productimages",
    "pk": 7,
    "fields": {
        "image_summary": "Iphone se red side",
        "image": "Product_Image/Iphone/iphone-se-red-side/side.jpeg",
        "placeholder": "default_placeholder.jpg",
        "primary": false
    }
},
{
    "model": "products.productimages",
    "pk": 8,
    "fields": {
        "image_summary": "Iphone se red camera",
        "image": "Product_Image/Iphone/iphone-se-red-camera/camera.jpeg",
        "placeholder": "default_placeholder.jpg",
        "primary": false
    }
},
{
    "model": "products.productimages",
    "pk": 9,
    "fields": {
        "image_summary": "Iphone se White main",
        "image": "Product_Image/Iphone/iphone-se-white-main/front.jpeg",
        "placeholder": "default_placeholder.jpg",
        "primary": true
    }
},
{
    "model": "products.productimages",
    "pk": 10,
    "fields": {
        "image_summary": "Iphone se white side",
        "image": "Product_Image/Iphone/iphone-se-white-side/side.jpeg",
        "placeholder": "default_placeholder.jpg",
        "primary": false
    }
},
{
    "model": "products.productimages",
    "pk": 11,
    "fields": {
        "image_summary": "Iphone se white camera",
        "image": "Product_Image/Iphone/iphone-se-white-camera/camera.jpeg",
        "placeholder": "default_placeholder.jpg",
        "primary": false
    }
},
{
    "model": "products.productimages",
    "pk": 12,
    "fields": {
        "image_summary": "Iphone se white back",
        "image": "Product_Image/Iphone/iphone-se-white-back/back.jpeg",
        "placeholder": "default_placeholder.jpg",
        "primary": false
    }
},
{
    "model": "products.productimages",
    "pk": 13,
    "fields": {
        "image_summary": "Iphone 12 black main",
        "image": "Product_Image/Iphone/iphone-12-black-main/front_main.jpeg",
        "placeholder": "default_placeholder.jpg",
        "primary": true
    }
},
{
    "model": "products.productimages",
    "pk": 14,
    "fields": {
        "image_summary": "Iphone 12 black front",
        "image": "Product_Image/Iphone/iphone-12-black-front/front_black.jpeg",
        "placeholder": "default_placeholder.jpg",
        "primary": false
    }
},
{
    "model": "products.productimages",
    "pk": 15,
    "fields": {
        "image_summary": "Iphone 12 black camera",
        "image": "Product_Image/Iphone/iphone-12-black-camera/front_camera.jpeg",
        "placeholder": "default_placeholder.jpg",
        "primary": false
    }
},
{
    "model": "products.productimages",
    "pk": 16,
    "fields": {
        "image_summary": "Iphone 12 black camera 2",
        "image": "Product_Image/Iphone/iphone-12-black-camera-2/front_camera2.jpeg",
        "placeholder": "default_placeholder.jpg",
        "primary": false
    }
},
{
    "model": "products.productimages",
    "pk": 17,
    "fields": {
        "image_summary": "Iphone 12 detail",
        "image": "Product_Image/Iphone/iphone-12-detail/iphone_12_detail.jpeg",
        "placeholder": "default_placeholder.jpg",
        "primary": false
    }
},
{
    "model": "products.productimages",
    "pk": 18,
    "fields": {
        "image_summary": "Iphone 12 red main",
        "image": "Product_Image/Iphone/iphone-12-red-main/red_main.jpeg",
        "placeholder": "default_placeholder.jpg",
        "primary": true
    }
},
{
    "model": "products.productimages",
    "pk": 19,
    "fields": {
        "image_summary": "Iphone 12 red front",
        "image": "Product_Image/Iphone/iphone-12-red-front/red_front.jpeg",
        "placeholder": "default_placeholder.jpg",
        "primary": false
    }
},
{
    "model": "products.productimages",
    "pk": 20,
    "fields": {
        "image_summary": "Iphone 12 red camera",
        "image": "Product_Image/Iphone/iphone-12-red-camera/red_camera.jpeg",
        "placeholder": "default_placeholder.jpg",
        "primary": false
    }
},
{
    "model": "products.productimages",
    "pk": 21,
    "fields": {
        "image_summary": "Iphone 12 red camera 2",
        "image": "Product_Image/Iphone/iphone-12-red-camera-2/red_camera2.jpeg",
        "placeholder": "default_placeholder.jpg",
        "primary": false
    }
},
{
    "model": "products.productimages",
    "pk": 22,
    "fields": {
        "image_summary": "Iphone 12 white main",
        "image": "Product_Image/Iphone/iphone-12-white-main/white_main.jpeg",
        "placeholder": "default_placeholder.jpg",
        "primary": true
    }
},
{
    "model": "products.productimages",
    "pk": 23,
    "fields": {
        "image_summary": "Iphone 12 white front",
        "image": "Product_Image/Iphone/iphone-12-white-front/white_front.jpeg",
        "placeholder": "default_placeholder.jpg",
        "primary": false
    }
},
{
    "model": "products.productimages",
    "pk": 24,
    "fields": {
        "image_summary": "Iphone 12 white camera",
        "image": "Product_Image/Iphone/iphone-12-white-camera/white_camera.jpeg",
        "placeholder": "default_placeholder.jpg",
        "primary": false
    }
},
{
    "model": "products.productimages",
    "pk": 25,
    "fields": {
        "image_summary": "Iphone 12 white camera 2",
        "image": "Product_Image/Iphone/iphone-12-white-camera-2/white_camera2.jpeg",
        "placeholder": "default_placeholder.jpg",
        "primary": false
    }
},
{
    "model": "products.productimages",
    "pk": 26,
    "fields": {
        "image_summary": "HP 15s main",
        "image": "Product_Image/HP/hp-15s-main/main.jpeg",
        "placeholder": "default_placeholder.jpg",
        "primary": true
    }
},
{
    "model": "products.productimages",
    "pk": 27,
    "fields": {
        "image_summary": "HP 15s side",
        "image": "Product_Image/HP/hp-15s-side/side.jpeg",
        "placeholder": "default_placeholder.jpg",
        "primary": false
    }
},
{
    "model": "products.productimages",
    "pk": 28,
    "fields": {
        "image_summary": "HP 15s back",
        "image": "Product_Image/HP/hp-15s-back/back.jpeg",
        "placeholder": "default_placeholder.jpg",
        "primary": false
    }
},
{
    "model": "products.productimages",
    "pk": 29,
    "fields": {
        "image_summary": "HP 15s closed",
        "image": "Product_Image/HP/hp-15s-closed/closed.jpeg",
        "placeholder": "default_placeholder.jpg",
        "primary": false
    }
},
{
    "model": "products.productimages",
    "pk": 30,
    "fields": {
        "image_summary": "Lenovo ThinkPad E14 main",
        "image": "Product_Image/Lenovo/lenovo-thinkpad-e14-main/main.jpeg",
        "placeholder": "default_placeholder.jpg",
        "primary": true
    }
},
{
    "model": "products.productimages",
    "pk": 31,
    "fields": {
        "image_summary": "Lenovo ThinkPad E14 touchID",
        "image": "Product_Image/Lenovo/lenovo-thinkpad-e14-touchid/touch_id.jpeg",
        "placeholder": "default_placeholder.jpg",
        "primary": false
    }
},
{
    "model": "products.productimages",
    "pk": 32,
    "fields": {
        "image_summary": "Lenovo ThinkPad E14 feature_one",
        "image": "Product_Image/Lenovo/lenovo-thinkpad-e14-feature_one/features_one.jpeg",
        "placeholder": "default_placeholder.jpg",
        "primary": false
    }
},
{
    "model": "products.productimages",
    "pk": 33,
    "fields": {
        "image_summary": "Lenovo ThinkPad E14 feature_two",
        "image": "Product_Image/Lenovo/lenovo-thinkpad-e14-feature_two/features_two.jpeg",
        "placeholder": "default_placeholder.jpg",
        "primary": false
    }
},
{
    "model": "products.productimages",
    "pk": 34,
    "fields": {
        "image_summary": "Lenovo ThinkPad E14 feature_three",
        "image": "Product_Image/Lenovo/lenovo-thinkpad-e14-feature_three/features_three.jpeg",
        "placeholder": "default_placeholder.jpg",
        "primary": false
    }
},
{
    "model": "products.productimages",
    "pk": 35,
    "fields": {
        "image_summary": "SAMSUNG The Frame main",
        "image": "Product_Image/SAMSUNG/samsung-the-frame-main/main.jpeg",
        "placeholder": "default_placeholder.jpg",
        "primary": true
    }
},
{
    "model": "products.productimages",
    "pk": 36,
    "fields": {
        "image_summary": "SAMSUNG The Frame edge",
        "image": "Product_Image/SAMSUNG/samsung-the-frame-edge/edge.jpeg",
        "placeholder": "default_placeholder.jpg",
        "primary": false
    }
},
{
    "model": "products.productimages",
    "pk": 38,
    "fields": {
        "image_summary": "SAMSUNG The Frame feature_one",
        "image": "Product_Image/SAMSUNG/samsung-the-frame-feature_one/feature_one.jpeg",
        "placeholder": "default_placeholder.jpg",
        "primary": false
    }
},
{
    "model": "products.productimages",
    "pk": 39,
    "fields": {
        "image_summary": "SAMSUNG The Frame feature_two",
        "image": "Product_Image/SAMSUNG/samsung-the-frame-feature_two/feature_two.jpeg",
        "placeholder": "default_placeholder.jpg",
        "primary": false
    }
},
{
    "model": "products.productimages",
    "pk": 40,
    "fields": {
        "image_summary": "SAMSUNG The Frame front",
        "image": "Product_Image/SAMSUNG/samsung-the-frame-front/front.jpeg",
        "placeholder": "default_placeholder.jpg",
        "primary": false
    }
},
{
    "model": "products.productimages",
    "pk": 41,
    "fields": {
        "image_summary": "SAMSUNG The Frame back",
        "image": "Product_Image/SAMSUNG/samsung-the-frame-back/back.jpeg",
        "placeholder": "default_placeholder.jpg",
        "primary": false
    }
},
{
    "model": "products.productimages",
    "pk": 42,
    "fields": {
        "image_summary": "SAMSUNG The Frame remote",
        "image": "Product_Image/SAMSUNG/samsung-the-frame-remote/remote.jpeg",
        "placeholder": "default_placeholder.jpg",
        "primary": false
    }
},
{
    "model": "products.productimages",
    "pk": 43,
    "fields": {
        "image_summary": "SAMSUNG The Frame side",
        "image": "Product_Image/SAMSUNG/samsung-the-frame-side/side.jpeg",
        "placeholder": "default_placeholder.jpg",
        "primary": false
    }
},
{
    "model": "products.productimages",
    "pk": 44,
    "fields": {
        "image_summary": "Bose 500 Silver main",
        "image": "Product_Image/Bose/bose-500-silver-main/main.jpeg",
        "placeholder": "default_placeholder.jpg",
        "primary": true
    }
},
{
    "model": "products.productimages",
    "pk": 45,
    "fields": {
        "image_summary": "Bose 500 Silver feature one",
        "image": "Product_Image/Bose/bose-500-silver-feature-one/feature_one.jpeg",
        "placeholder": "default_placeholder.jpg",
        "primary": false
    }
},
{
    "model": "products.productimages",
    "pk": 46,
    "fields": {
        "image_summary": "Bose 500 Silver feature two",
        "image": "Product_Image/Bose/bose-500-silver-feature-two/feature_two.jpeg",
        "placeholder": "default_placeholder.jpg",
        "primary": false
    }
},
{
    "model": "products.productimages",
    "pk": 47,
    "fields": {
        "image_summary": "Bose 500 Silver detail",
        "image": "Product_Image/Bose/bose-500-silver-detail/detail.jpeg",
        "placeholder": "default_placeholder.jpg",
        "primary": false
    }
},
{
    "model": "products.productimages",
    "pk": 48,
    "fields": {
        "image_summary": "Bose 500 Silver top",
        "image": "Product_Image/Bose/bose-500-silver-top/top_two.jpeg",
        "placeholder": "default_placeholder.jpg",
        "primary": false
    }
},
{
    "model": "products.productimages",
    "pk": 49,
    "fields": {
        "image_summary": "Bose 500 Silver top one",
        "image": "Product_Image/Bose/bose-500-silver-top-one/top.jpeg",
        "placeholder": "default_placeholder.jpg",
        "primary": false
    }
},
{
    "model": "products.productimages",
    "pk": 50,
    "fields": {
        "image_summary": "Bose 500 Black main",
        "image": "Product_Image/Bose/bose-500-black-main/main.jpeg",
        "placeholder": "default_placeholder.jpg",
        "primary": true
    }
},
{
    "model": "products.productimages",
    "pk": 51,
    "fields": {
        "image_summary": "Bose 500 Black side",
        "image": "Product_Image/Bose/bose-500-black-side/side.jpeg",
        "placeholder": "default_placeholder.jpg",
        "primary": false
    }
},
{
    "model": "products.productimages",
    "pk": 52,
    "fields": {
        "image_summary": "Bose 500 Black feature one",
        "image": "Product_Image/Bose/bose-500-black-feature-one/feature_one.jpeg",
        "placeholder": "default_placeholder.jpg",
        "primary": false
    }
},
{
    "model": "products.productimages",
    "pk": 53,
    "fields": {
        "image_summary": "Bose 500 Black top",
        "image": "Product_Image/Bose/bose-500-black-top/top_one.jpeg",
        "placeholder": "default_placeholder.jpg",
        "primary": false
    }
},
{
    "model": "products.productimages",
    "pk": 54,
    "fields": {
        "image_summary": "BOSCH 8 kg INVERTER TOUCH CONTROL main",
        "image": "Product_Image/BOSCH/bosch-8-kg-inverter-touch-control-main/main.jpeg",
        "placeholder": "default_placeholder.jpg",
        "primary": true
    }
},
{
    "model": "products.productimages",
    "pk": 55,
    "fields": {
        "image_summary": "BOSCH 8 kg INVERTER TOUCH CONTROL secondary",
        "image": "Product_Image/BOSCH/bosch-8-kg-inverter-touch-control-secondary/secondary.jpeg",
        "placeholder": "default_placeholder.jpg",
        "primary": false
    }
},
{
    "model": "products.productimages",
    "pk": 56,
    "fields": {
        "image_summary": "BOSCH 8 kg INVERTER TOUCH CONTROL features",
        "image": "Product_Image/BOSCH/bosch-8-kg-inverter-touch-control-features/features.jpeg",
        "placeholder": "default_placeholder.jpg",
        "primary": false
    }
},
{
    "model": "products.productimages",
    "pk": 57,
    "fields": {
        "image_summary": "BOSCH 8 kg INVERTER TOUCH CONTROL inside",
        "image": "Product_Image/BOSCH/bosch-8-kg-inverter-touch-control-inside/inside.jpeg",
        "placeholder": "default_placeholder.jpg",
        "primary": false
    }
},
{
    "model": "products.productimages",
    "pk": 58,
    "fields": {
        "image_summary": "BOSCH 8 kg INVERTER TOUCH CONTROL back",
        "image": "Product_Image/BOSCH/bosch-8-kg-inverter-touch-control-back/back.jpeg",
        "placeholder": "default_placeholder.jpg",
        "primary": false
    }
},
{
    "model": "products.productimages",
    "pk": 59,
    "fields": {
        "image_summary": "BOSCH 8 kg INVERTER TOUCH CONTROL size",
        "image": "Product_Image/BOSCH/bosch-8-kg-inverter-touch-control-size/size.jpeg",
        "placeholder": "default_placeholder.jpg",
        "primary": false
    }
},
{
    "model": "products.productimages",
    "pk": 60,
    "fields": {
        "image_summary": "SAMSUNG Star Split Inverter AC main",
        "image": "Product_Image/SAMSUNG/samsung-star-split-inverter-ac-main/main.jpeg",
        "placeholder": "default_placeholder.jpg",
        "primary": true
    }
},
{
    "model": "products.productimages",
    "pk": 61,
    "fields": {
        "image_summary": "SAMSUNG Star Split Inverter AC open",
        "image": "Product_Image/SAMSUNG/samsung-star-split-inverter-ac-open/main_open.jpeg",
        "placeholder": "default_placeholder.jpg",
        "primary": false
    }
},
{
    "model": "products.productimages",
    "pk": 62,
    "fields": {
        "image_summary": "SAMSUNG Star Split Inverter AC side",
        "image": "Product_Image/SAMSUNG/samsung-star-split-inverter-ac-side/side_one.jpeg",
        "placeholder": "default_placeholder.jpg",
        "primary": false
    }
},
{
    "model": "products.productimages",
    "pk": 63,
    "fields": {
        "image_summary": "SAMSUNG Star Split Inverter AC side open",
        "image": "Product_Image/SAMSUNG/samsung-star-split-inverter-ac-side-open/side_open.jpeg",
        "placeholder": "default_placeholder.jpg",
        "primary": false
    }
},
{
    "model": "products.productimages",
    "pk": 64,
    "fields": {
        "image_summary": "SAMSUNG Star Split Inverter AC back",
        "image": "Product_Image/SAMSUNG/samsung-star-split-inverter-ac-back/back.jpeg",
        "placeholder": "default_placeholder.jpg",
        "primary": false
    }
},
{
    "model": "products.productimages",
    "pk": 77,
    "fields": {
        "image_summary": "ASIAN PAINTS TE-3 white main",
        "image": "Product_Image/ASIAN/asian-paints-te-3-white-main/main.jpeg",
        "placeholder": "default_placeholder.jpg",
        "primary": true
    }
},
{
    "model": "products.productimages",
    "pk": 78,
    "fields": {
        "image_summary": "Auric Mens Energy  main",
        "image": "Product_Image/Auric/auric-mens-energy-main/main.jpeg",
        "placeholder": "default_placeholder.jpg",
        "primary": true
    }
},
{
    "model": "products.productimages",
    "pk": 79,
    "fields": {
        "image_summary": "Auric Mens Energy back",
        "image": "Product_Image/Auric/auric-mens-energy-back/back.jpeg",
        "placeholder": "default_placeholder.jpg",
        "primary": false
    }
},
{
    "model": "products.productimages",
    "pk": 80,
    "fields": {
        "image_summary": "Auric Mens Energy secondary",
        "image": "Product_Image/Auric/auric-mens-energy-secondary/secondary.jpeg",
        "placeholder": "default_placeholder.jpg",
        "primary": false
    }
},
{
    "model": "products.productimages",
    "pk": 81,
    "fields": {
        "image_summary": "Auric Mens Energy detail",
        "image": "Product_Image/Auric/auric-mens-energy-detail/detail.jpeg",
        "placeholder": "default_placeholder.jpg",
        "primary": false
    }
},
{
    "model": "products.productimages",
    "pk": 82,
    "fields": {
        "image_summary": "Auric Mens Energy detail_one",
        "image": "Product_Image/Auric/auric-mens-energy-detail_one/detail_one.jpeg",
        "placeholder": "default_placeholder.jpg",
        "primary": false
    }
},
{
    "model": "products.productimages",
    "pk": 83,
    "fields": {
        "image_summary": "Javascript the definative guide",
        "image": "Product_Image/Javascript/javascript-the-definative-guide/main.jpg",
        "placeholder": "default_placeholder.jpg",
        "primary": true
    }
},
{
    "model": "products.productimages",
    "pk": 84,
    "fields": {
        "image_summary": "LG 215 L Direct Cool Single Door Purple Glow main",
        "image": "Product_Image/LG/lg-215-l-direct-cool-single-door-purple-glow-main/main.jpeg",
        "placeholder": "default_placeholder.jpg",
        "primary": true
    }
},
{
    "model": "products.productimages",
    "pk": 85,
    "fields": {
        "image_summary": "LG 215 L Direct Cool Single Door Purple Glow back",
        "image": "Product_Image/LG/lg-215-l-direct-cool-single-door-purple-glow-back/back.jpeg",
        "placeholder": "default_placeholder.jpg",
        "primary": false
    }
},
{
    "model": "products.productimages",
    "pk": 86,
    "fields": {
        "image_summary": "LG 215 L Direct Cool Single Door Purple Glow details",
        "image": "Product_Image/LG/lg-215-l-direct-cool-single-door-purple-glow-details/details.jpeg",
        "placeholder": "default_placeholder.jpg",
        "primary": false
    }
},
{
    "model": "products.productimages",
    "pk": 87,
    "fields": {
        "image_summary": "LG 215 L Direct Cool Single Door Purple Glow opened",
        "image": "Product_Image/LG/lg-215-l-direct-cool-single-door-purple-glow-opened/opened.jpeg",
        "placeholder": "default_placeholder.jpg",
        "primary": false
    }
},
{
    "model": "products.productimages",
    "pk": 88,
    "fields": {
        "image_summary": "LG 215 L Direct Cool Single Door Purple Glow feature one",
        "image": "Product_Image/LG/lg-215-l-direct-cool-single-door-purple-glow-feature-one/features_one.jpeg",
        "placeholder": "default_placeholder.jpg",
        "primary": false
    }
},
{
    "model": "products.productimages",
    "pk": 89,
    "fields": {
        "image_summary": "LG 215 L Direct Cool Single Door Purple Glow feature two",
        "image": "Product_Image/LG/lg-215-l-direct-cool-single-door-purple-glow-feature-two/features_two.jpeg",
        "placeholder": "default_placeholder.jpg",
        "primary": false
    }
},
{
    "model": "products.productimages",
    "pk": 90,
    "fields": {
        "image_summary": "LG 215 L Direct Cool Single Door Purple Glow feature three",
        "image": "Product_Image/LG/lg-215-l-direct-cool-single-door-purple-glow-feature-three/features_three.jpeg",
        "placeholder": "default_placeholder.jpg",
        "primary": false
    }
},
{
    "model": "products.productimages",
    "pk": 91,
    "fields": {
        "image_summary": "LG 215 L Direct Cool Single Door Blue Charm main",
        "image": "Product_Image/LG/lg-215-l-direct-cool-single-door-blue-charm-main/main.jpeg",
        "placeholder": "default_placeholder.jpg",
        "primary": true
    }
},
{
    "model": "products.productimages",
    "pk": 92,
    "fields": {
        "image_summary": "LG 215 L Direct Cool Single Door Blue back",
        "image": "Product_Image/LG/lg-215-l-direct-cool-single-door-blue-back/back.jpeg",
        "placeholder": "default_placeholder.jpg",
        "primary": false
    }
},
{
    "model": "products.productimages",
    "pk": 93,
    "fields": {
        "image_summary": "LG 215 L Direct Cool Single Door Blue opened",
        "image": "Product_Image/LG/lg-215-l-direct-cool-single-door-blue-opened/opened.jpeg",
        "placeholder": "default_placeholder.jpg",
        "primary": false
    }
},
{
    "model": "products.productimages",
    "pk": 94,
    "fields": {
        "image_summary": "LG 215 L Direct Cool Single Door Blue bottom",
        "image": "Product_Image/LG/lg-215-l-direct-cool-single-door-blue-bottom/section_bottom.jpeg",
        "placeholder": "default_placeholder.jpg",
        "primary": false
    }
},
{
    "model": "products.productimages",
    "pk": 95,
    "fields": {
        "image_summary": "LG 215 L Direct Cool Single Door Blue top",
        "image": "Product_Image/LG/lg-215-l-direct-cool-single-door-blue-top/section_top.jpeg",
        "placeholder": "default_placeholder.jpg",
        "primary": false
    }
},
{
    "model": "products.productimages",
    "pk": 96,
    "fields": {
        "image_summary": "Samsung Galaxy S20 FE 5G_main",
        "image": "Product_Image/main/main/main.jpeg",
        "placeholder": "default_placeholder.jpg",
        "primary": true
    }
},
{
    "model": "products.productimages",
    "pk": 97,
    "fields": {
        "image_summary": "Samsung Galaxy S20 FE 5G battery",
        "image": "Product_Image/Samsung/samsung-galaxy-s20-fe-5g-battery/battery.jpg",
        "placeholder": "default_placeholder.jpg",
        "primary": false
    }
},
{
    "model": "products.productimages",
    "pk": 98,
    "fields": {
        "image_summary": "Samsung Galaxy S20 FE 5G colors",
        "image": "Product_Image/Samsung/samsung-galaxy-s20-fe-5g-colors/colors.jpg",
        "placeholder": "default_placeholder.jpg",
        "primary": false
    }
},
{
    "model": "products.productimages",
    "pk": 99,
    "fields": {
        "image_summary": "Samsung Galaxy S20 FE 5G info",
        "image": "Product_Image/info/info/info_black.jpg",
        "placeholder": "default_placeholder.jpg",
        "primary": false
    }
},
{
    "model": "products.productimages",
    "pk": 100,
    "fields": {
        "image_summary": "Samsung Galaxy S20 FE 5G isp",
        "image": "Product_Image/Samsung/samsung-galaxy-s20-fe-5g-isp/water_pr.jpg",
        "placeholder": "default_placeholder.jpg",
        "primary": false
    }
},
{
    "model": "products.productimages",
    "pk": 101,
    "fields": {
        "image_summary": "SHAFIRE Main",
        "image": "Product_Image/SHAFIRE/shafire-main/main.jpg",
        "placeholder": "default_placeholder.jpg",
        "primary": true
    }
},
{
    "model": "products.productimages",
    "pk": 102,
    "fields": {
        "image_summary": "SHAFIRE secondary",
        "image": "Product_Image/SHAFIRE/shafire-secondary/secondary.jpg",
        "placeholder": "default_placeholder.jpg",
        "primary": false
    }
},
{
    "model": "products.productimages",
    "pk": 103,
    "fields": {
        "image_summary": "SHAFIRE color",
        "image": "Product_Image/SHAFIRE/shafire-color/colors.jpg",
        "placeholder": "default_placeholder.jpg",
        "primary": false
    }
},
{
    "model": "products.productimages",
    "pk": 104,
    "fields": {
        "image_summary": "Steelbird Full Finger Bike Riding Gloves main",
        "image": "Product_Image/Steelbird/steelbird-full-finger-bike-riding-gloves-main/main.jpg",
        "placeholder": "default_placeholder.jpg",
        "primary": true
    }
},
{
    "model": "products.productimages",
    "pk": 105,
    "fields": {
        "image_summary": "Steelbird Full Finger Bike Riding Gloves secondary",
        "image": "Product_Image/Steelbird/steelbird-full-finger-bike-riding-gloves-secondary/secondary.jpg",
        "placeholder": "default_placeholder.jpg",
        "primary": false
    }
},
{
    "model": "products.productimages",
    "pk": 106,
    "fields": {
        "image_summary": "Steelbird Full Finger Bike Riding Gloves sizes",
        "image": "Product_Image/Steelbird/steelbird-full-finger-bike-riding-gloves-sizes/sizes.jpg",
        "placeholder": "default_placeholder.jpg",
        "primary": false
    }
},
{
    "model": "products.productimages",
    "pk": 107,
    "fields": {
        "image_summary": "Steelbird Full Finger Bike Riding Gloves features",
        "image": "Product_Image/Steelbird/steelbird-full-finger-bike-riding-gloves-features/features.jpg",
        "placeholder": "default_placeholder.jpg",
        "primary": false
    }
},
{
    "model": "products.productimages",
    "pk": 108,
    "fields": {
        "image_summary": "Rangwell Heavy Duty Bike Brake Lock main",
        "image": "Product_Image/Rangwell/rangwell-heavy-duty-bike-brake-lock-main/main.jpg",
        "placeholder": "default_placeholder.jpg",
        "primary": true
    }
},
{
    "model": "products.productimages",
    "pk": 109,
    "fields": {
        "image_summary": "Rangwell Heavy Duty Bike Brake Lock colors",
        "image": "Product_Image/Rangwell/rangwell-heavy-duty-bike-brake-lock-colors/color.jpg",
        "placeholder": "default_placeholder.jpg",
        "primary": false
    }
},
{
    "model": "products.productimages",
    "pk": 110,
    "fields": {
        "image_summary": "Rangwell Heavy Duty Bike Brake Lock sec",
        "image": "Product_Image/Rangwell/rangwell-heavy-duty-bike-brake-lock-sec/opened.jpg",
        "placeholder": "default_placeholder.jpg",
        "primary": false
    }
},
{
    "model": "products.productimages",
    "pk": 111,
    "fields": {
        "image_summary": "Rangwell Heavy Duty Bike Brake Lock size",
        "image": "Product_Image/Rangwell/rangwell-heavy-duty-bike-brake-lock-size/size.jpg",
        "placeholder": "default_placeholder.jpg",
        "primary": false
    }
},
{
    "model": "products.productimages",
    "pk": 112,
    "fields": {
        "image_summary": "Plantex Stainless Steel Wall Mount main",
        "image": "Product_Image/Plantex/plantex-stainless-steel-wall-mount-main/main.jpg",
        "placeholder": "default_placeholder.jpg",
        "primary": true
    }
},
{
    "model": "products.productimages",
    "pk": 113,
    "fields": {
        "image_summary": "Plantex Stainless Steel Wall Mount sec",
        "image": "Product_Image/Plantex/plantex-stainless-steel-wall-mount-sec/features.jpg",
        "placeholder": "default_placeholder.jpg",
        "primary": false
    }
},
{
    "model": "products.productimages",
    "pk": 114,
    "fields": {
        "image_summary": "Plantex Stainless Steel Wall Mount  size",
        "image": "Product_Image/Plantex/plantex-stainless-steel-wall-mount-size/size.jpg",
        "placeholder": "default_placeholder.jpg",
        "primary": false
    }
},
{
    "model": "products.productimages",
    "pk": 115,
    "fields": {
        "image_summary": "Minute Maid Pulpy Orange main",
        "image": "Product_Image/Minute/minute-maid-pulpy-orange-main/main.jpg",
        "placeholder": "default_placeholder.jpg",
        "primary": true
    }
},
{
    "model": "products.productimages",
    "pk": 116,
    "fields": {
        "image_summary": "Minute Maid Pulpy Orange nutrition",
        "image": "Product_Image/Minute/minute-maid-pulpy-orange-nutrition/nutrition_facts.jpg",
        "placeholder": "default_placeholder.jpg",
        "primary": false
    }
},
{
    "model": "products.productimages",
    "pk": 117,
    "fields": {
        "image_summary": "Minute Maid Pulpy Orange ingrediants",
        "image": "Product_Image/Minute/minute-maid-pulpy-orange-ingrediants/ingrediants.jpg",
        "placeholder": "default_placeholder.jpg",
        "primary": false
    }
},
{
    "model": "products.productimages",
    "pk": 118,
    "fields": {
        "image_summary": "Cadbury Silk Potli Gift main",
        "image": "Product_Image/Cadbury/cadbury-silk-potli-gift-main/main.jpg",
        "placeholder": "default_placeholder.jpg",
        "primary": true
    }
},
{
    "model": "products.productimages",
    "pk": 119,
    "fields": {
        "image_summary": "Cadbury Silk Potli Gift sec",
        "image": "Product_Image/Cadbury/cadbury-silk-potli-gift-sec/sec.jpg",
        "placeholder": "default_placeholder.jpg",
        "primary": false
    }
},
{
    "model": "products.productimages",
    "pk": 120,
    "fields": {
        "image_summary": "Cadbury Silk Potli Gift sec2",
        "image": "Product_Image/Cadbury/cadbury-silk-potli-gift-sec2/sec2.jpg",
        "placeholder": "default_placeholder.jpg",
        "primary": false
    }
},
{
    "model": "products.productimages",
    "pk": 121,
    "fields": {
        "image_summary": "Cadbury Silk Potli Gift  nut1",
        "image": "Product_Image/Cadbury/cadbury-silk-potli-gift-nut1/nutrition1.jpg",
        "placeholder": "default_placeholder.jpg",
        "primary": false
    }
},
{
    "model": "products.productimages",
    "pk": 122,
    "fields": {
        "image_summary": "Cadbury Silk Potli Gift  nut2",
        "image": "Product_Image/Cadbury/cadbury-silk-potli-gift-nut2/nutrition2.jpg",
        "placeholder": "default_placeholder.jpg",
        "primary": false
    }
},
{
    "model": "products.productimages",
    "pk": 123,
    "fields": {
        "image_summary": "Tropicana Orange Delight main",
        "image": "Product_Image/Tropicana/tropicana-orange-delight-main/main.jpg",
        "placeholder": "default_placeholder.jpg",
        "primary": true
    }
},
{
    "model": "products.productimages",
    "pk": 124,
    "fields": {
        "image_summary": "Tropicana Orange Delight sec",
        "image": "Product_Image/Tropicana/tropicana-orange-delight-sec/secondary.jpg",
        "placeholder": "default_placeholder.jpg",
        "primary": false
    }
},
{
    "model": "products.productimages",
    "pk": 125,
    "fields": {
        "image_summary": "Tropicana Orange Delight nutrition",
        "image": "Product_Image/Tropicana/tropicana-orange-delight-nutrition/nutrition.jpeg",
        "placeholder": "default_placeholder.jpg",
        "primary": false
    }
},
{
    "model": "products.productimages",
    "pk": 126,
    "fields": {
        "image_summary": "Tropicana Orange Delight ingrediants",
        "image": "Product_Image/Tropicana/tropicana-orange-delight-ingrediants/ingrediant.jpg",
        "placeholder": "default_placeholder.jpg",
        "primary": false
    }
},
{
    "model": "products.productimages",
    "pk": 127,
    "fields": {
        "image_summary": "Tropicana Litchi Delight Fruit Juice main",
        "image": "Product_Image/Tropicana/tropicana-litchi-delight-fruit-juice/main_1.jpg",
        "placeholder": "default_placeholder.jpg",
        "primary": true
    }
},
{
    "model": "products.productimages",
    "pk": 128,
    "fields": {
        "image_summary": "Tropicana Litchi Delight Fruit Juice sec",
        "image": "Product_Image/Tropicana/tropicana-litchi-delight-fruit-juice-sec/secondary_2.jpg",
        "placeholder": "default_placeholder.jpg",
        "primary": false
    }
},
{
    "model": "products.productimages",
    "pk": 129,
    "fields": {
        "image_summary": "efffective typescript main",
        "image": "Product_Image/efffective/efffective-typescript-main/main.jpg",
        "placeholder": "default_placeholder.jpg",
        "primary": true
    }
},
{
    "model": "products.productimages",
    "pk": 130,
    "fields": {
        "image_summary": "Django 3 by example main",
        "image": "Product_Image/Django/django-3-by-example-main/51hUJQm8byL._SX404_BO1204203200_.jpg",
        "placeholder": "default_placeholder.jpg",
        "primary": true
    }
},
{
    "model": "products.productimages",
    "pk": 131,
    "fields": {
        "image_summary": "react book main",
        "image": "Product_Image/react/react-book-main/main.jpg",
        "placeholder": "default_placeholder.jpg",
        "primary": true
    }
}
]
